-- phpMyAdmin SQL Dump
-- version 5.2.0
-- https://www.phpmyadmin.net/
--
-- Host: 127.0.0.1
-- Generation Time: Mar 25, 2023 at 01:47 PM
-- Server version: 10.4.25-MariaDB
-- PHP Version: 7.4.30

SET SQL_MODE = "NO_AUTO_VALUE_ON_ZERO";
START TRANSACTION;
SET time_zone = "+00:00";


/*!40101 SET @OLD_CHARACTER_SET_CLIENT=@@CHARACTER_SET_CLIENT */;
/*!40101 SET @OLD_CHARACTER_SET_RESULTS=@@CHARACTER_SET_RESULTS */;
/*!40101 SET @OLD_COLLATION_CONNECTION=@@COLLATION_CONNECTION */;
/*!40101 SET NAMES utf8mb4 */;

--
-- Database: `stacksofwax`
--

-- --------------------------------------------------------

--
-- Table structure for table `collection`
--

CREATE TABLE `collection` (
  `collection_id` int(11) NOT NULL,
  `collection_name` varchar(255) NOT NULL,
  `collection_desc` text NOT NULL,
  `user_id` int(11) NOT NULL,
  `image_id` int(11) NOT NULL
) ENGINE=InnoDB DEFAULT CHARSET=utf8mb4;

--
-- Dumping data for table `collection`
--

INSERT INTO `collection` (`collection_id`, `collection_name`, `collection_desc`, `user_id`, `image_id`) VALUES
(1, 'Hedgehog, south african', 'Replace of R Brach Art with Nonaut Sub, Perc Endo Approach', 9, 459),
(2, 'Blue racer', 'Replace of R Finger Phalanx with Autol Sub, Perc Approach', 15, 515),
(3, 'Swainson\'s francolin', 'Release Right External Ear, External Approach', 12, 243),
(4, 'Greater flamingo', 'Inspection of Bilateral Inguinal Region, Open Approach', 15, 270),
(5, 'Asiatic jackal', 'MRI of Fetal Thorax using Oth Contrast', 7, 506),
(6, 'Cat, miner\'s', 'Reposition Ascending Colon, Open Approach', 11, 806),
(7, 'Fringe-eared oryx', 'Fragmentation in Right Hepatic Duct, Endo', 8, 724),
(8, 'Northern phalarope', 'Extirpation of Matter from R Main Bronc, Open Approach', 6, 868),
(9, 'Weaver, sociable', 'HDR Brachytherapy of Ureter using Oth Isotope', 12, 900),
(10, 'Openbill, asian', 'Reposition Right Fibula with Ext Fix, Perc Endo Approach', 9, 300),
(11, 'Plover, three-banded', 'Replacement of Gastric Vein with Autol Sub, Open Approach', 2, 374),
(12, 'Thirteen-lined squirrel', 'Inspection of Up Extrem Subcu/Fascia, Open Approach', 10, 55),
(13, 'Beaver, european', 'Replacement of Lower Gingiva with Synth Sub, Open Approach', 2, 473),
(14, 'Great white pelican', 'Restrict of R Up Lobe Bronc with Intralum Dev, Via Opening', 18, 448),
(15, 'Southern ground hornbill', 'Insertion of Int Fix into R Tibia, Perc Approach', 13, 394),
(16, 'Elegant crested tinamou', 'Supplement Nose with Nonaut Sub, Open Approach', 3, 631),
(17, 'Numbat', 'Extirpation of Matter from Phrenic Nerve, Perc Endo Approach', 9, 288),
(18, 'Cheetah', 'Bypass Upper Esophagus to Cutaneous, Endo', 8, 82),
(19, 'Catfish, blue', 'Replace of L Hand Subcu/Fascia with Autol Sub, Perc Approach', 1, 4),
(20, 'Tailless tenrec', 'Fluoroscopy of Left Hand/Finger Joint using Other Contrast', 18, 81),
(21, 'Glider, squirrel', 'Drainage of Rectum, Open Approach', 20, 228),
(22, 'Red hartebeest', 'Bypass L Kidney Pelvis to Cutan w Nonaut Sub, Open', 17, 614),
(23, 'Guerza', 'Revision of Drainage Device in Pineal Body, Extern Approach', 3, 214),
(24, 'Wapiti, elk,', 'Dilation of L Popl Art with 2 Intralum Dev, Open Approach', 18, 572),
(25, 'White-mantled colobus', 'Fluoroscopy Bi Verteb Art w L Osm Contrast, Laser Intraop', 20, 922),
(26, 'African black crake', 'Feeding/Eating Treatment using Other Equipment', 9, 690),
(27, 'Deer, black-tailed', 'Revise Synth Sub in Head & Neck Subcu/Fascia, Extern', 6, 751),
(28, 'Genoveva', 'Destruction of Left Lower Femur, Percutaneous Approach', 4, 489),
(29, 'Capuchin, brown', 'Ultrasonography of Left Subclavian Vein, Intravascular', 14, 915),
(30, 'Camel, dromedary', 'Release Right External Iliac Vein, Percutaneous Approach', 18, 708),
(31, 'Dik, kirk\'s dik', 'Dilate L Ext Iliac Art, Bifurc, w 2 Intralum Dev, Perc Endo', 12, 440),
(32, 'Butterfly, tropical buckeye', 'Occlusion of Gastric Vein, Open Approach', 9, 635),
(33, 'Northern phalarope', 'ROM & Jt Mobility Treatment of Neuro Body using Prosthesis', 16, 690),
(34, 'Heron, grey', 'Lower Arteries, Dilation', 1, 558),
(35, 'Horned puffin', 'Drainage of Cervicothoracic Vertebral Disc, Perc Approach', 20, 784),
(36, 'Bee-eater (unidentified)', 'Plain Radiography of Left Epididymis using H Osm Contrast', 4, 474),
(37, 'Porcupine, african', 'Bypass Jejunum to Rectum with Autol Sub, Endo', 8, 808),
(38, 'Magnificent frigate bird', 'Reposition Right Rib with Int Fix, Perc Endo Approach', 16, 957),
(39, 'Grenadier, common', 'Insertion of Int Fix into T-lum Jt, Open Approach', 19, 937),
(40, 'Sambar', 'Revision of Drainage Device in Occip Jt, Open Approach', 1, 992),
(41, 'Monkey, bleeding heart', 'Supplement Scrotum with Nonaut Sub, Extern Approach', 17, 671),
(42, 'Deer, roe', 'Dilation of L Post Tib Art with 4 Drug-elut, Perc Approach', 20, 959),
(43, 'Nighthawk, common', 'Drainage of Left Brachial Artery, Perc Approach, Diagn', 13, 733),
(44, 'Hedgehog, south african', 'Motor Function Treatment of Neuro Head, Neck using Orthosis', 2, 529),
(45, 'Goose, cereopsis', 'Measurement of Biliary Flow, Percutaneous Approach', 2, 633),
(46, 'Blesbok', 'Occlusion Stomach, Pylrs w Extralum Dev, Perc Endo', 20, 948),
(47, 'Dragon, ornate rock', 'Drainage of Amniotic Fluid, Diagnostic from POC, Via Opening', 13, 425),
(48, 'Porcupine, tree', 'Alteration of R Wrist with Nonaut Sub, Open Approach', 18, 716),
(49, 'Cliffchat, mocking', 'Replacement of Urethra with Nonaut Sub, Endo', 6, 545),
(50, 'Langur, hanuman', 'Replace L Frontal Bone w Nonaut Sub, Perc Endo', 19, 284),
(51, 'Wagtail, african pied', 'Transfuse Allo Rel Bone Marrow in Periph Vein, Open', 9, 292),
(52, 'Royal tern', 'Restrict R Hand Vein w Intralum Dev, Perc Endo', 8, 636),
(53, 'Black-backed magpie', 'Replacement of Nasopharynx with Autol Sub, Open Approach', 19, 787),
(54, 'Cobra (unidentified)', 'Removal of Autol Sub from Mesentery, Open Approach', 10, 205),
(55, 'Fowl, helmeted guinea', 'Excision of Right Thorax Muscle, Open Approach, Diagnostic', 6, 148),
(56, 'Southern right whale', 'Release Right Brachial Vein, Open Approach', 3, 617),
(57, 'White-nosed coatimundi', 'Repair Right Main Bronchus, Percutaneous Endoscopic Approach', 8, 471),
(58, 'Spurfowl, yellow-necked', 'CT Scan of Cerv Spine using L Osm Contrast', 5, 614),
(59, 'Pronghorn', 'Drainage of Right External Ear, Open Approach, Diagnostic', 4, 531),
(60, 'Yellow-bellied marmot', 'CT Scan of L Up Extrem using Oth Contrast', 6, 318),
(61, 'Sifaka, verreaux\'s', 'Extirpation of Matter from L Subclav Vein, Open Approach', 19, 173),
(62, 'Cardinal, red-capped', 'Revision of Autol Sub in L Metacarpocarp Jt, Perc Approach', 2, 750),
(63, 'Sally lightfoot crab', 'Supplement Left Clavicle with Autol Sub, Open Approach', 19, 756),
(64, 'Black rhinoceros', 'Revision of Drainage Device in Upper Tendon, Open Approach', 16, 422),
(65, 'Possum, western pygmy', 'Restrict of R Up Lobe Bronc with Intralum Dev, Via Opening', 8, 866),
(66, 'Kelp gull', 'Insertion of Infusion Device into Colic Vein, Open Approach', 2, 905),
(67, 'Frogmouth, tawny', 'Revision of Other Device in L Up Extrem, Extern Approach', 7, 347),
(68, 'Verreaux\'s sifaka', 'Replace of R Foot Art with Nonaut Sub, Perc Endo Approach', 12, 927),
(69, 'Elk, Wapiti', 'Replacement of R Acetabulum with Nonaut Sub, Perc Approach', 13, 21),
(70, 'Phalarope, red-necked', 'Fluoroscopy of Right Fallopian Tube', 4, 838),
(71, 'Galapagos mockingbird', 'Dilation of Right Eustachian Tube, Via Opening', 18, 350),
(72, 'Blue wildebeest', 'Ultrasonography of Left Jugular Veins, Intravascular', 6, 42),
(73, 'River wallaby', 'Drainage of Left Carpal Joint with Drain Dev, Open Approach', 20, 944),
(74, 'Heron, grey', 'Restriction of Left Pulmonary Vein, Open Approach', 4, 493),
(75, 'Beisa oryx', 'Extraction of R Hip Bursa/Lig, Perc Endo Approach', 14, 8),
(76, 'Yellow-crowned night heron', 'Repair Left Shoulder Muscle, Percutaneous Approach', 11, 395),
(77, 'White-winged dove', 'Replacement of R Colic Art with Nonaut Sub, Open Approach', 7, 448),
(78, 'North American beaver', 'Drainage of Left Hepatic Duct with Drainage Device, Endo', 11, 573),
(79, 'Common zebra', 'Drainage of Trachea, Endo', 6, 839),
(80, 'Southern sea lion', 'Plaque Radiation of Right Breast', 8, 986),
(81, 'White-winged tern', 'Revision of Nonaut Sub in R Rib, Perc Approach', 3, 930),
(82, 'Cormorant, neotropic', 'Drainage of Brachial Plexus, Perc Endo Approach', 5, 307),
(83, 'Adouri (unidentified)', 'Transfer R Foot Subcu/Fascia, Open Approach', 18, 332),
(84, 'Kookaburra, laughing', 'Drainage of Trachea, Percutaneous Approach', 3, 899),
(85, 'Capuchin, brown', 'Introduction of Oth Diagn Subst into Bil/Panc Tract, Endo', 18, 847),
(86, 'Ring-tailed gecko', 'Revision of Bone Growth Stimulator in Skull, Perc Approach', 11, 850),
(87, 'Hornbill, red-billed', 'Dilation of R Thyroid Art with Intralum Dev, Open Approach', 2, 960),
(88, 'Armadillo, seven-banded', 'Dilation of Abdominal Aorta with 3 Drug-elut, Perc Approach', 20, 771),
(89, 'Porcupine, african', 'Removal of Nonaut Sub from Vagina & Cul-de-sac, Endo', 9, 557),
(90, 'Civet, common palm', 'Drainage of Lumbosacral Disc, Percutaneous Approach, Diagn', 19, 123),
(91, 'Eleven-banded armadillo (unidentified)', 'Excision of Para-aortic Body, Perc Endo Approach, Diagn', 17, 810),
(92, 'Caracal', 'Excision of R Temporomandib Jt, Perc Endo Approach', 6, 770),
(93, 'Rhesus macaque', 'Extirpate matter from L Ext Iliac Art, Bifurc, Perc', 4, 803),
(94, 'Black-crowned night heron', 'Fragmentation in Ampulla of Vater, Endo', 18, 627),
(95, 'Musk ox', 'Occlusion Access Pancr Duct w Intralum Dev, Via Opening', 14, 932),
(96, 'White-throated kingfisher', 'Repair Lumbar Plexus, Percutaneous Endoscopic Approach', 17, 154),
(97, 'Parrot, hawk-headed', 'Removal of Drain Dev from Vagina & Cul-de-sac, Perc Approach', 6, 796),
(98, 'Jackal, indian', 'Replace of R Verteb Art with Synth Sub, Perc Endo Approach', 7, 439),
(99, 'Canada goose', 'Removal of Int Fix from R Fibula, Extern Approach', 13, 104),
(100, 'Eagle, bald', 'Supplement Inf Vena Cava with Nonaut Sub, Perc Endo Approach', 6, 511);

-- --------------------------------------------------------

--
-- Table structure for table `collection_like`
--

CREATE TABLE `collection_like` (
  `like_id` int(11) NOT NULL,
  `collection_id` int(11) NOT NULL,
  `user_id` int(11) NOT NULL
) ENGINE=InnoDB DEFAULT CHARSET=utf8mb4;

--
-- Dumping data for table `collection_like`
--

INSERT INTO `collection_like` (`like_id`, `collection_id`, `user_id`) VALUES
(1, 21, 15),
(2, 30, 10),
(3, 80, 17),
(4, 20, 2),
(5, 86, 3),
(6, 86, 10),
(7, 52, 14),
(8, 54, 1),
(9, 84, 10),
(10, 67, 11),
(11, 82, 3),
(12, 64, 17),
(13, 44, 4),
(14, 43, 9),
(15, 34, 18),
(16, 70, 18),
(17, 17, 6),
(18, 22, 15),
(19, 80, 17),
(20, 32, 5),
(21, 97, 17),
(22, 56, 18),
(23, 82, 14),
(24, 3, 18),
(25, 29, 15),
(26, 22, 8),
(27, 33, 7),
(28, 87, 13),
(29, 61, 8),
(30, 13, 10),
(31, 12, 10),
(32, 92, 3),
(33, 35, 6),
(34, 72, 1),
(35, 35, 3),
(36, 19, 8),
(37, 47, 18),
(38, 45, 1),
(39, 47, 2),
(40, 36, 7),
(41, 87, 20),
(42, 13, 7),
(43, 39, 8),
(44, 16, 18),
(45, 14, 14),
(46, 78, 18),
(47, 50, 12),
(48, 72, 4),
(49, 71, 10),
(50, 63, 8),
(51, 5, 18),
(52, 6, 17),
(53, 13, 8),
(54, 83, 16),
(55, 6, 3),
(56, 79, 7),
(57, 11, 8),
(58, 13, 9),
(59, 81, 13),
(60, 35, 10),
(61, 5, 3),
(62, 100, 18),
(63, 48, 15),
(64, 80, 12),
(65, 42, 1),
(66, 17, 17),
(67, 98, 5),
(68, 23, 12),
(69, 22, 5),
(70, 13, 5),
(71, 18, 8),
(72, 60, 19),
(73, 21, 7),
(74, 40, 3),
(75, 91, 10),
(76, 78, 8),
(77, 97, 11),
(78, 63, 5),
(79, 56, 20),
(80, 52, 12),
(81, 25, 16),
(82, 53, 12),
(83, 35, 6),
(84, 89, 2),
(85, 49, 4),
(86, 82, 4),
(87, 50, 9),
(88, 26, 14),
(89, 93, 2),
(90, 2, 4),
(91, 41, 3),
(92, 38, 6),
(93, 63, 10),
(94, 43, 18),
(95, 84, 14),
(96, 86, 3),
(97, 43, 20),
(98, 57, 3),
(99, 54, 19),
(100, 80, 6),
(101, 70, 10),
(102, 20, 17),
(103, 25, 15),
(104, 67, 4),
(105, 23, 20),
(106, 17, 16),
(107, 23, 5),
(108, 81, 11),
(109, 84, 16),
(110, 36, 8),
(111, 90, 2),
(112, 25, 3),
(113, 83, 1),
(114, 56, 9),
(115, 72, 16),
(116, 51, 13),
(117, 29, 19),
(118, 41, 9),
(119, 53, 1),
(120, 84, 12),
(121, 84, 9),
(122, 24, 6),
(123, 11, 9),
(124, 39, 2),
(125, 73, 13),
(126, 60, 2),
(127, 93, 12),
(128, 67, 3),
(129, 94, 20),
(130, 48, 13),
(131, 86, 14),
(132, 76, 11),
(133, 29, 5),
(134, 23, 5),
(135, 43, 9),
(136, 72, 4),
(137, 37, 4),
(138, 70, 4),
(139, 95, 20),
(140, 57, 7),
(141, 6, 8),
(142, 80, 19),
(143, 100, 14),
(144, 93, 3),
(145, 79, 20),
(146, 90, 14),
(147, 15, 18),
(148, 40, 11),
(149, 28, 8),
(150, 74, 4),
(151, 82, 5),
(152, 87, 1),
(153, 97, 9),
(154, 4, 18),
(155, 83, 6),
(156, 22, 8),
(157, 43, 19),
(158, 26, 3),
(159, 16, 2),
(160, 28, 18),
(161, 17, 8),
(162, 56, 15),
(163, 46, 9),
(164, 90, 14),
(165, 82, 8),
(166, 67, 2),
(167, 72, 8),
(168, 99, 9),
(169, 34, 5),
(170, 90, 20),
(171, 93, 14),
(172, 70, 4),
(173, 9, 12),
(174, 92, 11),
(175, 81, 7),
(176, 36, 13),
(177, 28, 6),
(178, 92, 8),
(179, 7, 8),
(180, 72, 11),
(181, 64, 15),
(182, 71, 6),
(183, 91, 9),
(184, 34, 7),
(185, 81, 3),
(186, 16, 10),
(187, 78, 11),
(188, 98, 17),
(189, 2, 18),
(190, 4, 2),
(191, 51, 13),
(192, 34, 5),
(193, 23, 8),
(194, 25, 1),
(195, 75, 18),
(196, 3, 9),
(197, 13, 14),
(198, 6, 15),
(199, 50, 8),
(200, 25, 15),
(201, 19, 20),
(202, 52, 7),
(203, 6, 1),
(204, 76, 13),
(205, 87, 3),
(206, 74, 11),
(207, 17, 20),
(208, 40, 5),
(209, 77, 6),
(210, 71, 4),
(211, 58, 3),
(212, 71, 14),
(213, 45, 17),
(214, 82, 8),
(215, 86, 17),
(216, 23, 17),
(217, 60, 11),
(218, 44, 14),
(219, 65, 20),
(220, 30, 3),
(221, 99, 1),
(222, 47, 16),
(223, 81, 8),
(224, 84, 8),
(225, 99, 7),
(226, 21, 9),
(227, 87, 13),
(228, 11, 5),
(229, 72, 5),
(230, 27, 20),
(231, 73, 11),
(232, 61, 20),
(233, 81, 8),
(234, 26, 4),
(235, 65, 3),
(236, 59, 19),
(237, 17, 14),
(238, 63, 20),
(239, 50, 12),
(240, 67, 18),
(241, 43, 3),
(242, 3, 13),
(243, 59, 3),
(244, 14, 4),
(245, 60, 9),
(246, 88, 6),
(247, 16, 8),
(248, 1, 4),
(249, 9, 4),
(250, 55, 10),
(251, 78, 17),
(252, 1, 8),
(253, 68, 3),
(254, 48, 20),
(255, 60, 13),
(256, 42, 16),
(257, 99, 13),
(258, 96, 3),
(259, 24, 2),
(260, 15, 18),
(261, 63, 4),
(262, 28, 13),
(263, 26, 4),
(264, 56, 13),
(265, 86, 11),
(266, 62, 6),
(267, 39, 10),
(268, 15, 14),
(269, 14, 1),
(270, 30, 12),
(271, 88, 5),
(272, 83, 2),
(273, 83, 7),
(274, 24, 3),
(275, 82, 9),
(276, 30, 10),
(277, 78, 11),
(278, 46, 18),
(279, 41, 3),
(280, 79, 13),
(281, 42, 13),
(282, 91, 8),
(283, 77, 14),
(284, 43, 15),
(285, 59, 6),
(286, 63, 7),
(287, 43, 19),
(288, 37, 4),
(289, 32, 16),
(290, 15, 11),
(291, 15, 4),
(292, 76, 10),
(293, 5, 4),
(294, 68, 18),
(295, 58, 7),
(296, 50, 14),
(297, 67, 2),
(298, 58, 3),
(299, 44, 20),
(300, 76, 5),
(301, 8, 1),
(302, 64, 8),
(303, 96, 6),
(304, 33, 6),
(305, 50, 15),
(306, 63, 15),
(307, 55, 8),
(308, 15, 11),
(309, 44, 17),
(310, 35, 15),
(311, 53, 18),
(312, 74, 16),
(313, 84, 5),
(314, 19, 2),
(315, 73, 3),
(316, 43, 8),
(317, 10, 13),
(318, 79, 18),
(319, 80, 16),
(320, 8, 15),
(321, 77, 10),
(322, 1, 1),
(323, 62, 10),
(324, 10, 14),
(325, 41, 14),
(326, 34, 6),
(327, 24, 11),
(328, 65, 9),
(329, 6, 4),
(330, 66, 16),
(331, 34, 6),
(332, 34, 11),
(333, 23, 14),
(334, 12, 1),
(335, 1, 4),
(336, 55, 2),
(337, 58, 8),
(338, 72, 3),
(339, 83, 20),
(340, 21, 13),
(341, 23, 12),
(342, 97, 11),
(343, 90, 10),
(344, 12, 1),
(345, 18, 13),
(346, 75, 4),
(347, 79, 19),
(348, 74, 12),
(349, 48, 3),
(350, 71, 14),
(351, 18, 9),
(352, 50, 15),
(353, 65, 8),
(354, 96, 18),
(355, 59, 9),
(356, 87, 8),
(357, 17, 3),
(358, 31, 13),
(359, 75, 2),
(360, 95, 18),
(361, 55, 10),
(362, 63, 11),
(363, 43, 17),
(364, 89, 12),
(365, 48, 19),
(366, 29, 17),
(367, 56, 4),
(368, 5, 14),
(369, 10, 2),
(370, 80, 3),
(371, 57, 2),
(372, 60, 2),
(373, 50, 20),
(374, 50, 19),
(375, 73, 3),
(376, 40, 15),
(377, 93, 16),
(378, 3, 8),
(379, 68, 16),
(380, 23, 14),
(381, 13, 3),
(382, 3, 17),
(383, 46, 15),
(384, 12, 8),
(385, 54, 5),
(386, 3, 2),
(387, 79, 10),
(388, 88, 19),
(389, 37, 10),
(390, 60, 20),
(391, 19, 14),
(392, 97, 19),
(393, 16, 4),
(394, 85, 3),
(395, 66, 17),
(396, 10, 10),
(397, 6, 5),
(398, 79, 19),
(399, 56, 17),
(400, 1, 12),
(401, 24, 15),
(402, 78, 11),
(403, 16, 3),
(404, 23, 13),
(405, 44, 11),
(406, 74, 5),
(407, 9, 15),
(408, 13, 2),
(409, 62, 3),
(410, 6, 8),
(411, 38, 10),
(412, 76, 5),
(413, 15, 1),
(414, 35, 4),
(415, 44, 12),
(416, 56, 6),
(417, 96, 12),
(418, 94, 7),
(419, 27, 13),
(420, 4, 4),
(421, 23, 13),
(422, 27, 5),
(423, 76, 3),
(424, 74, 16),
(425, 44, 6),
(426, 11, 3),
(427, 48, 13),
(428, 98, 13),
(429, 77, 12),
(430, 50, 11),
(431, 6, 15),
(432, 10, 19),
(433, 53, 3),
(434, 85, 5),
(435, 96, 20),
(436, 48, 3),
(437, 74, 8),
(438, 25, 3),
(439, 46, 20),
(440, 44, 3),
(441, 54, 7),
(442, 90, 11),
(443, 87, 10),
(444, 58, 18),
(445, 3, 7),
(446, 76, 2),
(447, 94, 4),
(448, 4, 10),
(449, 87, 3),
(450, 2, 5),
(451, 100, 2),
(452, 62, 11),
(453, 1, 15),
(454, 60, 3),
(455, 99, 11),
(456, 39, 2),
(457, 78, 10),
(458, 64, 2),
(459, 86, 7),
(460, 10, 11),
(461, 7, 4),
(462, 5, 5),
(463, 83, 14),
(464, 21, 18),
(465, 10, 7),
(466, 71, 2),
(467, 98, 15),
(468, 67, 9),
(469, 13, 3),
(470, 99, 16),
(471, 22, 5),
(472, 42, 13),
(473, 65, 14),
(474, 82, 17),
(475, 81, 7),
(476, 36, 19),
(477, 79, 17),
(478, 72, 1),
(479, 74, 20),
(480, 25, 20),
(481, 36, 19),
(482, 100, 9),
(483, 60, 17),
(484, 47, 13),
(485, 8, 5),
(486, 49, 6),
(487, 51, 13),
(488, 99, 16),
(489, 22, 3),
(490, 14, 12),
(491, 60, 13),
(492, 5, 14),
(493, 62, 8),
(494, 71, 19),
(495, 68, 12),
(496, 81, 4),
(497, 77, 18),
(498, 5, 11),
(499, 8, 12),
(500, 90, 5),
(501, 55, 16),
(502, 44, 7),
(503, 4, 12),
(504, 38, 1),
(505, 96, 14),
(506, 30, 13),
(507, 32, 11),
(508, 22, 8),
(509, 20, 18),
(510, 58, 13),
(511, 36, 6),
(512, 88, 15),
(513, 90, 16),
(514, 36, 6),
(515, 12, 7),
(516, 33, 13),
(517, 41, 2),
(518, 55, 19),
(519, 26, 13),
(520, 3, 6),
(521, 10, 20),
(522, 59, 8),
(523, 39, 15),
(524, 66, 19),
(525, 40, 3),
(526, 32, 7),
(527, 48, 19),
(528, 21, 10),
(529, 75, 17),
(530, 37, 7),
(531, 31, 6),
(532, 43, 10),
(533, 25, 11),
(534, 59, 2),
(535, 36, 8),
(536, 71, 16),
(537, 76, 11),
(538, 51, 2),
(539, 25, 17),
(540, 15, 5),
(541, 25, 16),
(542, 26, 17),
(543, 6, 4),
(544, 5, 10),
(545, 58, 4),
(546, 36, 7),
(547, 48, 1),
(548, 34, 7),
(549, 65, 6),
(550, 42, 11),
(551, 69, 15),
(552, 67, 6),
(553, 26, 14),
(554, 12, 7),
(555, 8, 9),
(556, 39, 3),
(557, 19, 16),
(558, 48, 18),
(559, 54, 17),
(560, 78, 12),
(561, 82, 15),
(562, 57, 11),
(563, 82, 5),
(564, 97, 19),
(565, 37, 16),
(566, 94, 12),
(567, 90, 12),
(568, 39, 2),
(569, 86, 12),
(570, 37, 19),
(571, 67, 2),
(572, 77, 14),
(573, 69, 12),
(574, 88, 5),
(575, 30, 12),
(576, 91, 20),
(577, 1, 10),
(578, 96, 20),
(579, 46, 8),
(580, 60, 18),
(581, 29, 12),
(582, 86, 3),
(583, 99, 17),
(584, 17, 19),
(585, 22, 18),
(586, 66, 16),
(587, 52, 18),
(588, 20, 15),
(589, 71, 1),
(590, 22, 6),
(591, 68, 2),
(592, 80, 18),
(593, 2, 1),
(594, 53, 13),
(595, 69, 3),
(596, 91, 16),
(597, 58, 4),
(598, 65, 4),
(599, 56, 8),
(600, 96, 14);

-- --------------------------------------------------------

--
-- Table structure for table `collection_vinyl`
--

CREATE TABLE `collection_vinyl` (
  `collection_vinyl_id` int(11) NOT NULL,
  `collection_id` int(11) NOT NULL,
  `vinyl_id` int(11) NOT NULL
) ENGINE=InnoDB DEFAULT CHARSET=utf8mb4;

--
-- Dumping data for table `collection_vinyl`
--

INSERT INTO `collection_vinyl` (`collection_vinyl_id`, `collection_id`, `vinyl_id`) VALUES
(1, 78, 173),
(2, 13, 189),
(3, 59, 5),
(4, 76, 225),
(5, 9, 167),
(6, 52, 114),
(7, 59, 196),
(8, 20, 172),
(9, 92, 113),
(10, 66, 140),
(11, 49, 203),
(12, 78, 178),
(13, 95, 155),
(14, 16, 100),
(15, 82, 244),
(16, 92, 31),
(17, 17, 214),
(18, 87, 42),
(19, 83, 231),
(20, 85, 20),
(21, 12, 273),
(22, 42, 51),
(23, 12, 215),
(24, 84, 181),
(25, 28, 164),
(26, 37, 111),
(27, 92, 204),
(28, 78, 138),
(29, 4, 127),
(30, 38, 7),
(31, 12, 23),
(32, 77, 268),
(33, 33, 261),
(34, 82, 121),
(35, 80, 73),
(37, 89, 139),
(38, 45, 293),
(39, 39, 240),
(40, 82, 33),
(41, 97, 204),
(42, 94, 276),
(43, 54, 230),
(44, 8, 270),
(45, 66, 35),
(46, 65, 288),
(47, 19, 111),
(48, 37, 67),
(49, 82, 61),
(50, 90, 235),
(51, 19, 185),
(52, 40, 90),
(53, 19, 200),
(54, 15, 284),
(55, 71, 2),
(56, 72, 150),
(57, 87, 228),
(58, 96, 254),
(59, 65, 267),
(60, 55, 273),
(61, 56, 240),
(62, 31, 289),
(63, 93, 168),
(64, 25, 293),
(65, 41, 62),
(66, 87, 4),
(67, 1, 229),
(68, 99, 229),
(69, 84, 276),
(70, 45, 122),
(71, 85, 254),
(72, 93, 78),
(73, 17, 219),
(74, 95, 197),
(75, 28, 53),
(76, 38, 194),
(77, 90, 9),
(78, 63, 188),
(79, 79, 56),
(80, 50, 229),
(81, 35, 262),
(82, 5, 158),
(83, 88, 134),
(84, 82, 18),
(85, 30, 15),
(86, 87, 6),
(87, 69, 246),
(88, 61, 124),
(89, 47, 152),
(90, 70, 153),
(91, 58, 212),
(92, 23, 240),
(93, 43, 45),
(94, 47, 78),
(95, 87, 137),
(96, 43, 299),
(97, 53, 269),
(98, 48, 158),
(99, 45, 102),
(100, 78, 295),
(101, 64, 208),
(102, 84, 146),
(103, 80, 174),
(104, 52, 50),
(105, 64, 8),
(106, 92, 239),
(107, 3, 113),
(108, 58, 137),
(109, 21, 4),
(110, 59, 228),
(111, 40, 12),
(112, 54, 188),
(113, 72, 294),
(114, 40, 41),
(115, 52, 274),
(116, 36, 129),
(117, 87, 259),
(118, 13, 8),
(119, 97, 110),
(120, 68, 21),
(121, 72, 80),
(122, 70, 170),
(123, 89, 279),
(124, 90, 172),
(125, 32, 266),
(126, 71, 12),
(127, 34, 108),
(128, 75, 139),
(129, 4, 151),
(130, 94, 295),
(131, 92, 204),
(132, 96, 92),
(133, 79, 165),
(134, 77, 186),
(135, 34, 199),
(136, 82, 63),
(137, 28, 71),
(138, 21, 21),
(139, 17, 165),
(140, 45, 135),
(141, 53, 166),
(142, 12, 14),
(143, 93, 12),
(144, 59, 178),
(145, 82, 60),
(146, 32, 214),
(147, 49, 51),
(148, 95, 289),
(149, 29, 14),
(150, 44, 177),
(151, 36, 171),
(152, 35, 278),
(153, 100, 136),
(154, 5, 60),
(155, 10, 66),
(156, 66, 223),
(157, 97, 77),
(158, 77, 215),
(159, 28, 77),
(160, 92, 288),
(161, 57, 144),
(162, 46, 61),
(163, 23, 266),
(164, 69, 231),
(165, 28, 153),
(166, 13, 30),
(167, 36, 168),
(168, 75, 252),
(169, 32, 122),
(170, 38, 218),
(171, 92, 49),
(172, 21, 144),
(173, 43, 50),
(174, 62, 206),
(175, 75, 180),
(176, 45, 57),
(177, 25, 172),
(178, 36, 130),
(179, 29, 255),
(180, 38, 42),
(181, 20, 204),
(182, 61, 250),
(183, 27, 252),
(184, 93, 200),
(185, 57, 210),
(186, 42, 254),
(187, 39, 151),
(188, 51, 119),
(189, 55, 196),
(190, 51, 198),
(191, 78, 100),
(192, 67, 145),
(193, 87, 42),
(194, 63, 147),
(195, 23, 75),
(196, 38, 192),
(197, 10, 293),
(198, 70, 159),
(199, 52, 222),
(200, 47, 157),
(201, 5, 58),
(202, 65, 151),
(203, 4, 268),
(204, 74, 109),
(205, 23, 65),
(206, 80, 166),
(207, 7, 173),
(208, 82, 18),
(209, 11, 195),
(210, 75, 141),
(211, 18, 30),
(212, 50, 202),
(213, 70, 59),
(214, 81, 24),
(215, 67, 267),
(216, 81, 123),
(217, 48, 42),
(218, 42, 16),
(219, 79, 20),
(220, 58, 237),
(221, 84, 2),
(222, 8, 177),
(223, 33, 245),
(224, 21, 266),
(225, 10, 227),
(226, 100, 224),
(227, 78, 66),
(228, 6, 264),
(229, 39, 9),
(230, 89, 209),
(231, 73, 102),
(232, 37, 185),
(233, 4, 196),
(234, 9, 54),
(235, 70, 273),
(236, 36, 71),
(237, 86, 171),
(238, 59, 51),
(239, 4, 100),
(240, 26, 180),
(241, 85, 123),
(242, 1, 191),
(243, 18, 231),
(244, 14, 6),
(245, 44, 105),
(246, 86, 174),
(247, 48, 285),
(248, 43, 94),
(249, 52, 125),
(250, 15, 61),
(251, 71, 54),
(252, 27, 190),
(253, 97, 147),
(254, 38, 248),
(255, 52, 185),
(256, 53, 201),
(257, 1, 78),
(258, 35, 214),
(259, 18, 30),
(260, 27, 69),
(261, 37, 175),
(262, 99, 166),
(263, 2, 146),
(264, 2, 234),
(265, 64, 221),
(266, 76, 253),
(267, 81, 71),
(268, 83, 294),
(269, 55, 69),
(270, 2, 32),
(271, 58, 80),
(272, 38, 78),
(273, 83, 108),
(274, 87, 11),
(275, 41, 49),
(276, 73, 34),
(277, 86, 259),
(278, 29, 157),
(279, 51, 153),
(280, 6, 243),
(281, 8, 48),
(282, 41, 41),
(283, 16, 226),
(284, 13, 65),
(285, 36, 61),
(286, 22, 3),
(287, 8, 218),
(288, 42, 248),
(289, 68, 230),
(290, 45, 47),
(291, 4, 45),
(292, 45, 82),
(293, 90, 55),
(294, 79, 158),
(295, 20, 140),
(296, 58, 92),
(297, 17, 66),
(298, 79, 38),
(299, 28, 262),
(300, 36, 211),
(301, 58, 225),
(302, 2, 84),
(303, 47, 129),
(304, 87, 70),
(305, 58, 257),
(306, 18, 281),
(307, 47, 72),
(308, 52, 123),
(309, 58, 141),
(310, 12, 97),
(311, 66, 155),
(312, 100, 59),
(313, 47, 300),
(314, 9, 286),
(315, 48, 120),
(316, 62, 139),
(317, 27, 154),
(318, 69, 133),
(319, 47, 210),
(320, 93, 173),
(321, 58, 46),
(322, 55, 203),
(323, 31, 243),
(324, 30, 263),
(325, 23, 163),
(326, 68, 216),
(327, 71, 300),
(328, 51, 288),
(329, 52, 82),
(330, 99, 285),
(331, 32, 70),
(332, 15, 218),
(333, 44, 243),
(334, 3, 7),
(335, 59, 265),
(336, 24, 279),
(337, 86, 53),
(338, 23, 16),
(339, 82, 57),
(340, 50, 27),
(341, 81, 134),
(342, 15, 202),
(343, 45, 16),
(344, 23, 59),
(345, 10, 156),
(346, 36, 45),
(347, 1, 76),
(348, 10, 39),
(349, 54, 81),
(350, 27, 280),
(351, 21, 83),
(352, 18, 235),
(353, 50, 8),
(354, 54, 74),
(355, 68, 38),
(356, 76, 95),
(357, 7, 25),
(358, 97, 12),
(359, 40, 110),
(360, 52, 47),
(361, 67, 250),
(362, 80, 127),
(363, 72, 128),
(364, 52, 123),
(365, 75, 293),
(366, 16, 239),
(367, 40, 124),
(368, 4, 195),
(369, 22, 118),
(370, 19, 74),
(371, 74, 294),
(372, 56, 221),
(373, 41, 277),
(374, 38, 139),
(375, 32, 115),
(376, 18, 5),
(377, 87, 171),
(378, 13, 250),
(379, 36, 98),
(380, 44, 204),
(381, 65, 58),
(382, 14, 102),
(383, 49, 125),
(384, 42, 296),
(385, 24, 116),
(386, 98, 26),
(387, 61, 164),
(388, 73, 245),
(389, 95, 194),
(390, 3, 217),
(391, 12, 90),
(392, 89, 214),
(393, 67, 113),
(394, 13, 195),
(395, 75, 166),
(396, 5, 124),
(397, 39, 88),
(398, 73, 24),
(399, 53, 253),
(400, 51, 92),
(401, 67, 114),
(402, 73, 141),
(403, 66, 279),
(404, 34, 285),
(405, 76, 111),
(406, 33, 18),
(407, 30, 24),
(408, 60, 43),
(409, 5, 229),
(410, 5, 52),
(411, 83, 90),
(412, 68, 162),
(413, 25, 131),
(414, 88, 32),
(415, 20, 216),
(416, 85, 42),
(417, 73, 202),
(418, 98, 293),
(419, 58, 151),
(420, 77, 5),
(421, 96, 72),
(422, 14, 175),
(423, 23, 280),
(424, 79, 103),
(425, 87, 51),
(426, 69, 170),
(427, 54, 284),
(428, 49, 83),
(429, 5, 234),
(430, 46, 54),
(431, 21, 299),
(432, 79, 293),
(433, 21, 27),
(434, 37, 168),
(435, 98, 17),
(436, 50, 34),
(437, 66, 300),
(438, 31, 29),
(439, 14, 286),
(440, 83, 167),
(441, 66, 295),
(442, 29, 191),
(443, 90, 78),
(444, 18, 271),
(445, 9, 17),
(446, 58, 296),
(447, 34, 119),
(448, 76, 275),
(449, 79, 174),
(450, 25, 151),
(451, 6, 44),
(452, 11, 30),
(453, 78, 287),
(454, 74, 217),
(455, 84, 247),
(456, 76, 165),
(457, 39, 66),
(458, 46, 288),
(459, 33, 157),
(460, 11, 265),
(461, 42, 145),
(462, 66, 37),
(463, 46, 37),
(464, 20, 15),
(465, 48, 86),
(466, 40, 110),
(467, 53, 112),
(468, 92, 212),
(469, 49, 254),
(470, 94, 250),
(471, 23, 213),
(472, 93, 177),
(473, 26, 73),
(474, 40, 238),
(475, 22, 95),
(476, 52, 263),
(477, 9, 213),
(478, 81, 11),
(479, 99, 56),
(480, 56, 41),
(481, 72, 84),
(482, 53, 82),
(483, 41, 99),
(484, 21, 108),
(485, 75, 8),
(486, 52, 97),
(487, 86, 218),
(488, 61, 142),
(489, 100, 49),
(490, 8, 164),
(491, 22, 296),
(492, 50, 70),
(493, 6, 178),
(494, 34, 166),
(495, 67, 259),
(496, 69, 36),
(497, 11, 227),
(498, 21, 172),
(499, 71, 136),
(500, 72, 16);

-- --------------------------------------------------------

--
-- Table structure for table `genre`
--

CREATE TABLE `genre` (
  `genre_id` int(11) NOT NULL,
  `genre_name` varchar(255) NOT NULL
) ENGINE=InnoDB DEFAULT CHARSET=utf8mb4;

--
-- Dumping data for table `genre`
--

INSERT INTO `genre` (`genre_id`, `genre_name`) VALUES
(1, 'Rock'),
(2, 'Pop'),
(3, 'Country'),
(4, 'Classic'),
(5, 'Traditional');

-- --------------------------------------------------------

--
-- Table structure for table `image`
--

CREATE TABLE `image` (
  `image_id` int(11) NOT NULL,
  `image_path` varchar(500) NOT NULL
) ENGINE=InnoDB DEFAULT CHARSET=utf8mb4;

--
-- Dumping data for table `image`
--

INSERT INTO `image` (`image_id`, `image_path`) VALUES
(1, 'http://dummyimage.com/102x100.png/5fa2dd/ffffff'),
(2, 'http://dummyimage.com/139x100.png/dddddd/000000'),
(3, 'http://dummyimage.com/177x100.png/cc0000/ffffff'),
(4, 'http://dummyimage.com/171x100.png/ff4444/ffffff'),
(5, 'http://dummyimage.com/114x100.png/ff4444/ffffff'),
(6, 'http://dummyimage.com/245x100.png/cc0000/ffffff'),
(7, 'http://dummyimage.com/161x100.png/ff4444/ffffff'),
(8, 'http://dummyimage.com/220x100.png/ff4444/ffffff'),
(9, 'http://dummyimage.com/183x100.png/5fa2dd/ffffff'),
(10, 'http://dummyimage.com/137x100.png/cc0000/ffffff'),
(11, 'http://dummyimage.com/122x100.png/5fa2dd/ffffff'),
(12, 'http://dummyimage.com/242x100.png/cc0000/ffffff'),
(13, 'http://dummyimage.com/134x100.png/cc0000/ffffff'),
(14, 'http://dummyimage.com/162x100.png/ff4444/ffffff'),
(15, 'http://dummyimage.com/102x100.png/5fa2dd/ffffff'),
(16, 'http://dummyimage.com/139x100.png/5fa2dd/ffffff'),
(17, 'http://dummyimage.com/128x100.png/ff4444/ffffff'),
(18, 'http://dummyimage.com/149x100.png/5fa2dd/ffffff'),
(19, 'http://dummyimage.com/167x100.png/cc0000/ffffff'),
(20, 'http://dummyimage.com/156x100.png/ff4444/ffffff'),
(21, 'http://dummyimage.com/112x100.png/cc0000/ffffff'),
(22, 'http://dummyimage.com/114x100.png/5fa2dd/ffffff'),
(23, 'http://dummyimage.com/219x100.png/cc0000/ffffff'),
(24, 'http://dummyimage.com/225x100.png/ff4444/ffffff'),
(25, 'http://dummyimage.com/111x100.png/dddddd/000000'),
(26, 'http://dummyimage.com/174x100.png/5fa2dd/ffffff'),
(27, 'http://dummyimage.com/239x100.png/ff4444/ffffff'),
(28, 'http://dummyimage.com/199x100.png/dddddd/000000'),
(29, 'http://dummyimage.com/215x100.png/dddddd/000000'),
(30, 'http://dummyimage.com/248x100.png/5fa2dd/ffffff'),
(31, 'http://dummyimage.com/114x100.png/5fa2dd/ffffff'),
(32, 'http://dummyimage.com/197x100.png/5fa2dd/ffffff'),
(33, 'http://dummyimage.com/129x100.png/dddddd/000000'),
(34, 'http://dummyimage.com/148x100.png/ff4444/ffffff'),
(35, 'http://dummyimage.com/112x100.png/cc0000/ffffff'),
(36, 'http://dummyimage.com/189x100.png/5fa2dd/ffffff'),
(37, 'http://dummyimage.com/114x100.png/5fa2dd/ffffff'),
(38, 'http://dummyimage.com/128x100.png/ff4444/ffffff'),
(39, 'http://dummyimage.com/173x100.png/5fa2dd/ffffff'),
(40, 'http://dummyimage.com/238x100.png/cc0000/ffffff'),
(41, 'http://dummyimage.com/223x100.png/cc0000/ffffff'),
(42, 'http://dummyimage.com/164x100.png/5fa2dd/ffffff'),
(43, 'http://dummyimage.com/144x100.png/dddddd/000000'),
(44, 'http://dummyimage.com/248x100.png/dddddd/000000'),
(45, 'http://dummyimage.com/136x100.png/ff4444/ffffff'),
(46, 'http://dummyimage.com/247x100.png/cc0000/ffffff'),
(47, 'http://dummyimage.com/128x100.png/cc0000/ffffff'),
(48, 'http://dummyimage.com/152x100.png/cc0000/ffffff'),
(49, 'http://dummyimage.com/224x100.png/dddddd/000000'),
(50, 'http://dummyimage.com/227x100.png/cc0000/ffffff'),
(51, 'http://dummyimage.com/226x100.png/dddddd/000000'),
(52, 'http://dummyimage.com/186x100.png/5fa2dd/ffffff'),
(53, 'http://dummyimage.com/222x100.png/ff4444/ffffff'),
(54, 'http://dummyimage.com/248x100.png/dddddd/000000'),
(55, 'http://dummyimage.com/212x100.png/dddddd/000000'),
(56, 'http://dummyimage.com/211x100.png/ff4444/ffffff'),
(57, 'http://dummyimage.com/140x100.png/cc0000/ffffff'),
(58, 'http://dummyimage.com/214x100.png/dddddd/000000'),
(59, 'http://dummyimage.com/217x100.png/cc0000/ffffff'),
(60, 'http://dummyimage.com/163x100.png/cc0000/ffffff'),
(61, 'http://dummyimage.com/250x100.png/5fa2dd/ffffff'),
(62, 'http://dummyimage.com/212x100.png/dddddd/000000'),
(63, 'http://dummyimage.com/124x100.png/dddddd/000000'),
(64, 'http://dummyimage.com/218x100.png/cc0000/ffffff'),
(65, 'http://dummyimage.com/215x100.png/dddddd/000000'),
(66, 'http://dummyimage.com/118x100.png/5fa2dd/ffffff'),
(67, 'http://dummyimage.com/177x100.png/ff4444/ffffff'),
(68, 'http://dummyimage.com/224x100.png/5fa2dd/ffffff'),
(69, 'http://dummyimage.com/207x100.png/cc0000/ffffff'),
(70, 'http://dummyimage.com/176x100.png/cc0000/ffffff'),
(71, 'http://dummyimage.com/166x100.png/cc0000/ffffff'),
(72, 'http://dummyimage.com/187x100.png/ff4444/ffffff'),
(73, 'http://dummyimage.com/109x100.png/5fa2dd/ffffff'),
(74, 'http://dummyimage.com/221x100.png/5fa2dd/ffffff'),
(75, 'http://dummyimage.com/231x100.png/5fa2dd/ffffff'),
(76, 'http://dummyimage.com/178x100.png/dddddd/000000'),
(77, 'http://dummyimage.com/102x100.png/5fa2dd/ffffff'),
(78, 'http://dummyimage.com/154x100.png/ff4444/ffffff'),
(79, 'http://dummyimage.com/239x100.png/cc0000/ffffff'),
(80, 'http://dummyimage.com/245x100.png/5fa2dd/ffffff'),
(81, 'http://dummyimage.com/140x100.png/cc0000/ffffff'),
(82, 'http://dummyimage.com/125x100.png/ff4444/ffffff'),
(83, 'http://dummyimage.com/166x100.png/ff4444/ffffff'),
(84, 'http://dummyimage.com/193x100.png/5fa2dd/ffffff'),
(85, 'http://dummyimage.com/165x100.png/dddddd/000000'),
(86, 'http://dummyimage.com/145x100.png/cc0000/ffffff'),
(87, 'http://dummyimage.com/157x100.png/5fa2dd/ffffff'),
(88, 'http://dummyimage.com/144x100.png/5fa2dd/ffffff'),
(89, 'http://dummyimage.com/247x100.png/cc0000/ffffff'),
(90, 'http://dummyimage.com/222x100.png/dddddd/000000'),
(91, 'http://dummyimage.com/151x100.png/ff4444/ffffff'),
(92, 'http://dummyimage.com/196x100.png/dddddd/000000'),
(93, 'http://dummyimage.com/242x100.png/5fa2dd/ffffff'),
(94, 'http://dummyimage.com/169x100.png/5fa2dd/ffffff'),
(95, 'http://dummyimage.com/241x100.png/dddddd/000000'),
(96, 'http://dummyimage.com/120x100.png/cc0000/ffffff'),
(97, 'http://dummyimage.com/110x100.png/5fa2dd/ffffff'),
(98, 'http://dummyimage.com/225x100.png/ff4444/ffffff'),
(99, 'http://dummyimage.com/178x100.png/cc0000/ffffff'),
(100, 'http://dummyimage.com/241x100.png/dddddd/000000'),
(101, 'http://dummyimage.com/243x100.png/5fa2dd/ffffff'),
(102, 'http://dummyimage.com/241x100.png/ff4444/ffffff'),
(103, 'http://dummyimage.com/209x100.png/cc0000/ffffff'),
(104, 'http://dummyimage.com/102x100.png/ff4444/ffffff'),
(105, 'http://dummyimage.com/169x100.png/dddddd/000000'),
(106, 'http://dummyimage.com/138x100.png/5fa2dd/ffffff'),
(107, 'http://dummyimage.com/143x100.png/ff4444/ffffff'),
(108, 'http://dummyimage.com/177x100.png/cc0000/ffffff'),
(109, 'http://dummyimage.com/110x100.png/ff4444/ffffff'),
(110, 'http://dummyimage.com/217x100.png/5fa2dd/ffffff'),
(111, 'http://dummyimage.com/198x100.png/5fa2dd/ffffff'),
(112, 'http://dummyimage.com/132x100.png/5fa2dd/ffffff'),
(113, 'http://dummyimage.com/121x100.png/cc0000/ffffff'),
(114, 'http://dummyimage.com/138x100.png/dddddd/000000'),
(115, 'http://dummyimage.com/249x100.png/dddddd/000000'),
(116, 'http://dummyimage.com/247x100.png/cc0000/ffffff'),
(117, 'http://dummyimage.com/213x100.png/ff4444/ffffff'),
(118, 'http://dummyimage.com/133x100.png/cc0000/ffffff'),
(119, 'http://dummyimage.com/186x100.png/5fa2dd/ffffff'),
(120, 'http://dummyimage.com/158x100.png/cc0000/ffffff'),
(121, 'http://dummyimage.com/201x100.png/dddddd/000000'),
(122, 'http://dummyimage.com/181x100.png/dddddd/000000'),
(123, 'http://dummyimage.com/112x100.png/cc0000/ffffff'),
(124, 'http://dummyimage.com/148x100.png/cc0000/ffffff'),
(125, 'http://dummyimage.com/108x100.png/ff4444/ffffff'),
(126, 'http://dummyimage.com/214x100.png/ff4444/ffffff'),
(127, 'http://dummyimage.com/121x100.png/cc0000/ffffff'),
(128, 'http://dummyimage.com/181x100.png/5fa2dd/ffffff'),
(129, 'http://dummyimage.com/101x100.png/cc0000/ffffff'),
(130, 'http://dummyimage.com/238x100.png/ff4444/ffffff'),
(131, 'http://dummyimage.com/213x100.png/ff4444/ffffff'),
(132, 'http://dummyimage.com/212x100.png/ff4444/ffffff'),
(133, 'http://dummyimage.com/211x100.png/5fa2dd/ffffff'),
(134, 'http://dummyimage.com/213x100.png/cc0000/ffffff'),
(135, 'http://dummyimage.com/171x100.png/ff4444/ffffff'),
(136, 'http://dummyimage.com/237x100.png/5fa2dd/ffffff'),
(137, 'http://dummyimage.com/127x100.png/cc0000/ffffff'),
(138, 'http://dummyimage.com/163x100.png/dddddd/000000'),
(139, 'http://dummyimage.com/238x100.png/5fa2dd/ffffff'),
(140, 'http://dummyimage.com/200x100.png/5fa2dd/ffffff'),
(141, 'http://dummyimage.com/231x100.png/cc0000/ffffff'),
(142, 'http://dummyimage.com/202x100.png/5fa2dd/ffffff'),
(143, 'http://dummyimage.com/228x100.png/ff4444/ffffff'),
(144, 'http://dummyimage.com/109x100.png/dddddd/000000'),
(145, 'http://dummyimage.com/138x100.png/cc0000/ffffff'),
(146, 'http://dummyimage.com/194x100.png/cc0000/ffffff'),
(147, 'http://dummyimage.com/136x100.png/ff4444/ffffff'),
(148, 'http://dummyimage.com/212x100.png/ff4444/ffffff'),
(149, 'http://dummyimage.com/157x100.png/cc0000/ffffff'),
(150, 'http://dummyimage.com/246x100.png/ff4444/ffffff'),
(151, 'http://dummyimage.com/179x100.png/5fa2dd/ffffff'),
(152, 'http://dummyimage.com/207x100.png/dddddd/000000'),
(153, 'http://dummyimage.com/191x100.png/5fa2dd/ffffff'),
(154, 'http://dummyimage.com/199x100.png/dddddd/000000'),
(155, 'http://dummyimage.com/248x100.png/ff4444/ffffff'),
(156, 'http://dummyimage.com/207x100.png/dddddd/000000'),
(157, 'http://dummyimage.com/127x100.png/5fa2dd/ffffff'),
(158, 'http://dummyimage.com/234x100.png/cc0000/ffffff'),
(159, 'http://dummyimage.com/202x100.png/5fa2dd/ffffff'),
(160, 'http://dummyimage.com/193x100.png/cc0000/ffffff'),
(161, 'http://dummyimage.com/136x100.png/5fa2dd/ffffff'),
(162, 'http://dummyimage.com/173x100.png/dddddd/000000'),
(163, 'http://dummyimage.com/241x100.png/ff4444/ffffff'),
(164, 'http://dummyimage.com/210x100.png/5fa2dd/ffffff'),
(165, 'http://dummyimage.com/128x100.png/ff4444/ffffff'),
(166, 'http://dummyimage.com/175x100.png/dddddd/000000'),
(167, 'http://dummyimage.com/217x100.png/5fa2dd/ffffff'),
(168, 'http://dummyimage.com/227x100.png/ff4444/ffffff'),
(169, 'http://dummyimage.com/230x100.png/ff4444/ffffff'),
(170, 'http://dummyimage.com/211x100.png/ff4444/ffffff'),
(171, 'http://dummyimage.com/160x100.png/dddddd/000000'),
(172, 'http://dummyimage.com/250x100.png/cc0000/ffffff'),
(173, 'http://dummyimage.com/238x100.png/5fa2dd/ffffff'),
(174, 'http://dummyimage.com/204x100.png/cc0000/ffffff'),
(175, 'http://dummyimage.com/132x100.png/dddddd/000000'),
(176, 'http://dummyimage.com/162x100.png/dddddd/000000'),
(177, 'http://dummyimage.com/196x100.png/cc0000/ffffff'),
(178, 'http://dummyimage.com/216x100.png/cc0000/ffffff'),
(179, 'http://dummyimage.com/195x100.png/5fa2dd/ffffff'),
(180, 'http://dummyimage.com/116x100.png/cc0000/ffffff'),
(181, 'http://dummyimage.com/250x100.png/ff4444/ffffff'),
(182, 'http://dummyimage.com/249x100.png/cc0000/ffffff'),
(183, 'http://dummyimage.com/234x100.png/dddddd/000000'),
(184, 'http://dummyimage.com/128x100.png/cc0000/ffffff'),
(185, 'http://dummyimage.com/227x100.png/ff4444/ffffff'),
(186, 'http://dummyimage.com/187x100.png/5fa2dd/ffffff'),
(187, 'http://dummyimage.com/208x100.png/cc0000/ffffff'),
(188, 'http://dummyimage.com/180x100.png/cc0000/ffffff'),
(189, 'http://dummyimage.com/144x100.png/5fa2dd/ffffff'),
(190, 'http://dummyimage.com/118x100.png/cc0000/ffffff'),
(191, 'http://dummyimage.com/219x100.png/5fa2dd/ffffff'),
(192, 'http://dummyimage.com/129x100.png/5fa2dd/ffffff'),
(193, 'http://dummyimage.com/128x100.png/5fa2dd/ffffff'),
(194, 'http://dummyimage.com/184x100.png/5fa2dd/ffffff'),
(195, 'http://dummyimage.com/112x100.png/cc0000/ffffff'),
(196, 'http://dummyimage.com/186x100.png/cc0000/ffffff'),
(197, 'http://dummyimage.com/122x100.png/5fa2dd/ffffff'),
(198, 'http://dummyimage.com/118x100.png/dddddd/000000'),
(199, 'http://dummyimage.com/121x100.png/5fa2dd/ffffff'),
(200, 'http://dummyimage.com/152x100.png/ff4444/ffffff'),
(201, 'http://dummyimage.com/119x100.png/cc0000/ffffff'),
(202, 'http://dummyimage.com/224x100.png/cc0000/ffffff'),
(203, 'http://dummyimage.com/183x100.png/dddddd/000000'),
(204, 'http://dummyimage.com/186x100.png/ff4444/ffffff'),
(205, 'http://dummyimage.com/157x100.png/ff4444/ffffff'),
(206, 'http://dummyimage.com/104x100.png/cc0000/ffffff'),
(207, 'http://dummyimage.com/143x100.png/cc0000/ffffff'),
(208, 'http://dummyimage.com/241x100.png/cc0000/ffffff'),
(209, 'http://dummyimage.com/176x100.png/5fa2dd/ffffff'),
(210, 'http://dummyimage.com/109x100.png/dddddd/000000'),
(211, 'http://dummyimage.com/186x100.png/ff4444/ffffff'),
(212, 'http://dummyimage.com/205x100.png/dddddd/000000'),
(213, 'http://dummyimage.com/122x100.png/5fa2dd/ffffff'),
(214, 'http://dummyimage.com/163x100.png/ff4444/ffffff'),
(215, 'http://dummyimage.com/110x100.png/dddddd/000000'),
(216, 'http://dummyimage.com/223x100.png/dddddd/000000'),
(217, 'http://dummyimage.com/124x100.png/ff4444/ffffff'),
(218, 'http://dummyimage.com/128x100.png/dddddd/000000'),
(219, 'http://dummyimage.com/119x100.png/5fa2dd/ffffff'),
(220, 'http://dummyimage.com/135x100.png/dddddd/000000'),
(221, 'http://dummyimage.com/101x100.png/dddddd/000000'),
(222, 'http://dummyimage.com/161x100.png/ff4444/ffffff'),
(223, 'http://dummyimage.com/145x100.png/5fa2dd/ffffff'),
(224, 'http://dummyimage.com/146x100.png/dddddd/000000'),
(225, 'http://dummyimage.com/143x100.png/dddddd/000000'),
(226, 'http://dummyimage.com/126x100.png/cc0000/ffffff'),
(227, 'http://dummyimage.com/129x100.png/ff4444/ffffff'),
(228, 'http://dummyimage.com/139x100.png/5fa2dd/ffffff'),
(229, 'http://dummyimage.com/206x100.png/5fa2dd/ffffff'),
(230, 'http://dummyimage.com/245x100.png/cc0000/ffffff'),
(231, 'http://dummyimage.com/161x100.png/cc0000/ffffff'),
(232, 'http://dummyimage.com/131x100.png/5fa2dd/ffffff'),
(233, 'http://dummyimage.com/199x100.png/dddddd/000000'),
(234, 'http://dummyimage.com/193x100.png/ff4444/ffffff'),
(235, 'http://dummyimage.com/239x100.png/dddddd/000000'),
(236, 'http://dummyimage.com/174x100.png/cc0000/ffffff'),
(237, 'http://dummyimage.com/238x100.png/dddddd/000000'),
(238, 'http://dummyimage.com/100x100.png/cc0000/ffffff'),
(239, 'http://dummyimage.com/208x100.png/dddddd/000000'),
(240, 'http://dummyimage.com/245x100.png/ff4444/ffffff'),
(241, 'http://dummyimage.com/147x100.png/dddddd/000000'),
(242, 'http://dummyimage.com/216x100.png/5fa2dd/ffffff'),
(243, 'http://dummyimage.com/102x100.png/dddddd/000000'),
(244, 'http://dummyimage.com/120x100.png/dddddd/000000'),
(245, 'http://dummyimage.com/164x100.png/dddddd/000000'),
(246, 'http://dummyimage.com/239x100.png/cc0000/ffffff'),
(247, 'http://dummyimage.com/212x100.png/dddddd/000000'),
(248, 'http://dummyimage.com/182x100.png/ff4444/ffffff'),
(249, 'http://dummyimage.com/193x100.png/ff4444/ffffff'),
(250, 'http://dummyimage.com/166x100.png/cc0000/ffffff'),
(251, 'http://dummyimage.com/193x100.png/cc0000/ffffff'),
(252, 'http://dummyimage.com/155x100.png/ff4444/ffffff'),
(253, 'http://dummyimage.com/232x100.png/ff4444/ffffff'),
(254, 'http://dummyimage.com/224x100.png/cc0000/ffffff'),
(255, 'http://dummyimage.com/181x100.png/dddddd/000000'),
(256, 'http://dummyimage.com/136x100.png/5fa2dd/ffffff'),
(257, 'http://dummyimage.com/205x100.png/cc0000/ffffff'),
(258, 'http://dummyimage.com/146x100.png/dddddd/000000'),
(259, 'http://dummyimage.com/155x100.png/5fa2dd/ffffff'),
(260, 'http://dummyimage.com/237x100.png/5fa2dd/ffffff'),
(261, 'http://dummyimage.com/222x100.png/dddddd/000000'),
(262, 'http://dummyimage.com/155x100.png/5fa2dd/ffffff'),
(263, 'http://dummyimage.com/248x100.png/5fa2dd/ffffff'),
(264, 'http://dummyimage.com/193x100.png/dddddd/000000'),
(265, 'http://dummyimage.com/237x100.png/cc0000/ffffff'),
(266, 'http://dummyimage.com/168x100.png/cc0000/ffffff'),
(267, 'http://dummyimage.com/139x100.png/5fa2dd/ffffff'),
(268, 'http://dummyimage.com/127x100.png/cc0000/ffffff'),
(269, 'http://dummyimage.com/238x100.png/cc0000/ffffff'),
(270, 'http://dummyimage.com/126x100.png/5fa2dd/ffffff'),
(271, 'http://dummyimage.com/238x100.png/dddddd/000000'),
(272, 'http://dummyimage.com/187x100.png/ff4444/ffffff'),
(273, 'http://dummyimage.com/165x100.png/cc0000/ffffff'),
(274, 'http://dummyimage.com/160x100.png/cc0000/ffffff'),
(275, 'http://dummyimage.com/235x100.png/ff4444/ffffff'),
(276, 'http://dummyimage.com/208x100.png/cc0000/ffffff'),
(277, 'http://dummyimage.com/136x100.png/ff4444/ffffff'),
(278, 'http://dummyimage.com/134x100.png/cc0000/ffffff'),
(279, 'http://dummyimage.com/105x100.png/ff4444/ffffff'),
(280, 'http://dummyimage.com/133x100.png/ff4444/ffffff'),
(281, 'http://dummyimage.com/163x100.png/ff4444/ffffff'),
(282, 'http://dummyimage.com/223x100.png/5fa2dd/ffffff'),
(283, 'http://dummyimage.com/250x100.png/cc0000/ffffff'),
(284, 'http://dummyimage.com/168x100.png/cc0000/ffffff'),
(285, 'http://dummyimage.com/114x100.png/cc0000/ffffff'),
(286, 'http://dummyimage.com/122x100.png/cc0000/ffffff'),
(287, 'http://dummyimage.com/230x100.png/cc0000/ffffff'),
(288, 'http://dummyimage.com/244x100.png/ff4444/ffffff'),
(289, 'http://dummyimage.com/151x100.png/ff4444/ffffff'),
(290, 'http://dummyimage.com/155x100.png/ff4444/ffffff'),
(291, 'http://dummyimage.com/183x100.png/ff4444/ffffff'),
(292, 'http://dummyimage.com/120x100.png/5fa2dd/ffffff'),
(293, 'http://dummyimage.com/164x100.png/cc0000/ffffff'),
(294, 'http://dummyimage.com/243x100.png/5fa2dd/ffffff'),
(295, 'http://dummyimage.com/182x100.png/ff4444/ffffff'),
(296, 'http://dummyimage.com/168x100.png/dddddd/000000'),
(297, 'http://dummyimage.com/101x100.png/cc0000/ffffff'),
(298, 'http://dummyimage.com/243x100.png/cc0000/ffffff'),
(299, 'http://dummyimage.com/130x100.png/ff4444/ffffff'),
(300, 'http://dummyimage.com/109x100.png/dddddd/000000'),
(301, 'http://dummyimage.com/161x100.png/dddddd/000000'),
(302, 'http://dummyimage.com/220x100.png/ff4444/ffffff'),
(303, 'http://dummyimage.com/115x100.png/5fa2dd/ffffff'),
(304, 'http://dummyimage.com/124x100.png/dddddd/000000'),
(305, 'http://dummyimage.com/214x100.png/ff4444/ffffff'),
(306, 'http://dummyimage.com/116x100.png/cc0000/ffffff'),
(307, 'http://dummyimage.com/150x100.png/cc0000/ffffff'),
(308, 'http://dummyimage.com/183x100.png/dddddd/000000'),
(309, 'http://dummyimage.com/202x100.png/ff4444/ffffff'),
(310, 'http://dummyimage.com/240x100.png/dddddd/000000'),
(311, 'http://dummyimage.com/183x100.png/ff4444/ffffff'),
(312, 'http://dummyimage.com/158x100.png/cc0000/ffffff'),
(313, 'http://dummyimage.com/182x100.png/cc0000/ffffff'),
(314, 'http://dummyimage.com/150x100.png/5fa2dd/ffffff'),
(315, 'http://dummyimage.com/212x100.png/ff4444/ffffff'),
(316, 'http://dummyimage.com/104x100.png/5fa2dd/ffffff'),
(317, 'http://dummyimage.com/166x100.png/cc0000/ffffff'),
(318, 'http://dummyimage.com/108x100.png/dddddd/000000'),
(319, 'http://dummyimage.com/200x100.png/dddddd/000000'),
(320, 'http://dummyimage.com/124x100.png/ff4444/ffffff'),
(321, 'http://dummyimage.com/173x100.png/dddddd/000000'),
(322, 'http://dummyimage.com/167x100.png/5fa2dd/ffffff'),
(323, 'http://dummyimage.com/197x100.png/5fa2dd/ffffff'),
(324, 'http://dummyimage.com/146x100.png/ff4444/ffffff'),
(325, 'http://dummyimage.com/184x100.png/cc0000/ffffff'),
(326, 'http://dummyimage.com/120x100.png/5fa2dd/ffffff'),
(327, 'http://dummyimage.com/133x100.png/ff4444/ffffff'),
(328, 'http://dummyimage.com/105x100.png/dddddd/000000'),
(329, 'http://dummyimage.com/200x100.png/dddddd/000000'),
(330, 'http://dummyimage.com/103x100.png/cc0000/ffffff'),
(331, 'http://dummyimage.com/249x100.png/5fa2dd/ffffff'),
(332, 'http://dummyimage.com/130x100.png/cc0000/ffffff'),
(333, 'http://dummyimage.com/227x100.png/cc0000/ffffff'),
(334, 'http://dummyimage.com/120x100.png/5fa2dd/ffffff'),
(335, 'http://dummyimage.com/189x100.png/cc0000/ffffff'),
(336, 'http://dummyimage.com/196x100.png/ff4444/ffffff'),
(337, 'http://dummyimage.com/103x100.png/5fa2dd/ffffff'),
(338, 'http://dummyimage.com/119x100.png/cc0000/ffffff'),
(339, 'http://dummyimage.com/164x100.png/cc0000/ffffff'),
(340, 'http://dummyimage.com/166x100.png/ff4444/ffffff'),
(341, 'http://dummyimage.com/184x100.png/ff4444/ffffff'),
(342, 'http://dummyimage.com/168x100.png/dddddd/000000'),
(343, 'http://dummyimage.com/136x100.png/5fa2dd/ffffff'),
(344, 'http://dummyimage.com/247x100.png/dddddd/000000'),
(345, 'http://dummyimage.com/101x100.png/ff4444/ffffff'),
(346, 'http://dummyimage.com/236x100.png/ff4444/ffffff'),
(347, 'http://dummyimage.com/129x100.png/5fa2dd/ffffff'),
(348, 'http://dummyimage.com/156x100.png/cc0000/ffffff'),
(349, 'http://dummyimage.com/205x100.png/ff4444/ffffff'),
(350, 'http://dummyimage.com/226x100.png/5fa2dd/ffffff'),
(351, 'http://dummyimage.com/250x100.png/5fa2dd/ffffff'),
(352, 'http://dummyimage.com/183x100.png/5fa2dd/ffffff'),
(353, 'http://dummyimage.com/128x100.png/ff4444/ffffff'),
(354, 'http://dummyimage.com/208x100.png/dddddd/000000'),
(355, 'http://dummyimage.com/129x100.png/5fa2dd/ffffff'),
(356, 'http://dummyimage.com/142x100.png/5fa2dd/ffffff'),
(357, 'http://dummyimage.com/166x100.png/cc0000/ffffff'),
(358, 'http://dummyimage.com/112x100.png/ff4444/ffffff'),
(359, 'http://dummyimage.com/218x100.png/5fa2dd/ffffff'),
(360, 'http://dummyimage.com/240x100.png/ff4444/ffffff'),
(361, 'http://dummyimage.com/191x100.png/ff4444/ffffff'),
(362, 'http://dummyimage.com/203x100.png/dddddd/000000'),
(363, 'http://dummyimage.com/132x100.png/cc0000/ffffff'),
(364, 'http://dummyimage.com/151x100.png/cc0000/ffffff'),
(365, 'http://dummyimage.com/114x100.png/ff4444/ffffff'),
(366, 'http://dummyimage.com/109x100.png/ff4444/ffffff'),
(367, 'http://dummyimage.com/162x100.png/ff4444/ffffff'),
(368, 'http://dummyimage.com/106x100.png/ff4444/ffffff'),
(369, 'http://dummyimage.com/171x100.png/ff4444/ffffff'),
(370, 'http://dummyimage.com/247x100.png/cc0000/ffffff'),
(371, 'http://dummyimage.com/215x100.png/ff4444/ffffff'),
(372, 'http://dummyimage.com/109x100.png/ff4444/ffffff'),
(373, 'http://dummyimage.com/231x100.png/dddddd/000000'),
(374, 'http://dummyimage.com/181x100.png/dddddd/000000'),
(375, 'http://dummyimage.com/149x100.png/cc0000/ffffff'),
(376, 'http://dummyimage.com/112x100.png/5fa2dd/ffffff'),
(377, 'http://dummyimage.com/140x100.png/ff4444/ffffff'),
(378, 'http://dummyimage.com/190x100.png/dddddd/000000'),
(379, 'http://dummyimage.com/228x100.png/dddddd/000000'),
(380, 'http://dummyimage.com/190x100.png/ff4444/ffffff'),
(381, 'http://dummyimage.com/219x100.png/ff4444/ffffff'),
(382, 'http://dummyimage.com/147x100.png/5fa2dd/ffffff'),
(383, 'http://dummyimage.com/217x100.png/dddddd/000000'),
(384, 'http://dummyimage.com/149x100.png/ff4444/ffffff'),
(385, 'http://dummyimage.com/117x100.png/5fa2dd/ffffff'),
(386, 'http://dummyimage.com/231x100.png/cc0000/ffffff'),
(387, 'http://dummyimage.com/120x100.png/5fa2dd/ffffff'),
(388, 'http://dummyimage.com/130x100.png/ff4444/ffffff'),
(389, 'http://dummyimage.com/163x100.png/cc0000/ffffff'),
(390, 'http://dummyimage.com/173x100.png/dddddd/000000'),
(391, 'http://dummyimage.com/239x100.png/ff4444/ffffff'),
(392, 'http://dummyimage.com/123x100.png/ff4444/ffffff'),
(393, 'http://dummyimage.com/157x100.png/ff4444/ffffff'),
(394, 'http://dummyimage.com/245x100.png/ff4444/ffffff'),
(395, 'http://dummyimage.com/195x100.png/cc0000/ffffff'),
(396, 'http://dummyimage.com/187x100.png/ff4444/ffffff'),
(397, 'http://dummyimage.com/210x100.png/cc0000/ffffff'),
(398, 'http://dummyimage.com/149x100.png/ff4444/ffffff'),
(399, 'http://dummyimage.com/161x100.png/cc0000/ffffff'),
(400, 'http://dummyimage.com/120x100.png/5fa2dd/ffffff'),
(401, 'http://dummyimage.com/157x100.png/5fa2dd/ffffff'),
(402, 'http://dummyimage.com/184x100.png/cc0000/ffffff'),
(403, 'http://dummyimage.com/117x100.png/ff4444/ffffff'),
(404, 'http://dummyimage.com/135x100.png/5fa2dd/ffffff'),
(405, 'http://dummyimage.com/156x100.png/cc0000/ffffff'),
(406, 'http://dummyimage.com/107x100.png/5fa2dd/ffffff'),
(407, 'http://dummyimage.com/250x100.png/5fa2dd/ffffff'),
(408, 'http://dummyimage.com/221x100.png/ff4444/ffffff'),
(409, 'http://dummyimage.com/124x100.png/ff4444/ffffff'),
(410, 'http://dummyimage.com/117x100.png/ff4444/ffffff'),
(411, 'http://dummyimage.com/193x100.png/cc0000/ffffff'),
(412, 'http://dummyimage.com/161x100.png/cc0000/ffffff'),
(413, 'http://dummyimage.com/136x100.png/ff4444/ffffff'),
(414, 'http://dummyimage.com/158x100.png/ff4444/ffffff'),
(415, 'http://dummyimage.com/151x100.png/5fa2dd/ffffff'),
(416, 'http://dummyimage.com/194x100.png/dddddd/000000'),
(417, 'http://dummyimage.com/193x100.png/dddddd/000000'),
(418, 'http://dummyimage.com/235x100.png/cc0000/ffffff'),
(419, 'http://dummyimage.com/194x100.png/dddddd/000000'),
(420, 'http://dummyimage.com/123x100.png/cc0000/ffffff'),
(421, 'http://dummyimage.com/201x100.png/ff4444/ffffff'),
(422, 'http://dummyimage.com/196x100.png/5fa2dd/ffffff'),
(423, 'http://dummyimage.com/195x100.png/cc0000/ffffff'),
(424, 'http://dummyimage.com/201x100.png/dddddd/000000'),
(425, 'http://dummyimage.com/172x100.png/ff4444/ffffff'),
(426, 'http://dummyimage.com/119x100.png/dddddd/000000'),
(427, 'http://dummyimage.com/124x100.png/ff4444/ffffff'),
(428, 'http://dummyimage.com/132x100.png/dddddd/000000'),
(429, 'http://dummyimage.com/242x100.png/cc0000/ffffff'),
(430, 'http://dummyimage.com/124x100.png/cc0000/ffffff'),
(431, 'http://dummyimage.com/203x100.png/5fa2dd/ffffff'),
(432, 'http://dummyimage.com/194x100.png/5fa2dd/ffffff'),
(433, 'http://dummyimage.com/125x100.png/5fa2dd/ffffff'),
(434, 'http://dummyimage.com/230x100.png/5fa2dd/ffffff'),
(435, 'http://dummyimage.com/217x100.png/5fa2dd/ffffff'),
(436, 'http://dummyimage.com/228x100.png/ff4444/ffffff'),
(437, 'http://dummyimage.com/197x100.png/cc0000/ffffff'),
(438, 'http://dummyimage.com/195x100.png/ff4444/ffffff'),
(439, 'http://dummyimage.com/171x100.png/5fa2dd/ffffff'),
(440, 'http://dummyimage.com/206x100.png/dddddd/000000'),
(441, 'http://dummyimage.com/140x100.png/dddddd/000000'),
(442, 'http://dummyimage.com/177x100.png/dddddd/000000'),
(443, 'http://dummyimage.com/180x100.png/ff4444/ffffff'),
(444, 'http://dummyimage.com/232x100.png/ff4444/ffffff'),
(445, 'http://dummyimage.com/237x100.png/dddddd/000000'),
(446, 'http://dummyimage.com/117x100.png/cc0000/ffffff'),
(447, 'http://dummyimage.com/112x100.png/cc0000/ffffff'),
(448, 'http://dummyimage.com/175x100.png/cc0000/ffffff'),
(449, 'http://dummyimage.com/150x100.png/ff4444/ffffff'),
(450, 'http://dummyimage.com/110x100.png/ff4444/ffffff'),
(451, 'http://dummyimage.com/239x100.png/dddddd/000000'),
(452, 'http://dummyimage.com/171x100.png/ff4444/ffffff'),
(453, 'http://dummyimage.com/130x100.png/5fa2dd/ffffff'),
(454, 'http://dummyimage.com/162x100.png/ff4444/ffffff'),
(455, 'http://dummyimage.com/168x100.png/dddddd/000000'),
(456, 'http://dummyimage.com/112x100.png/ff4444/ffffff'),
(457, 'http://dummyimage.com/185x100.png/5fa2dd/ffffff'),
(458, 'http://dummyimage.com/209x100.png/dddddd/000000'),
(459, 'http://dummyimage.com/172x100.png/5fa2dd/ffffff'),
(460, 'http://dummyimage.com/156x100.png/cc0000/ffffff'),
(461, 'http://dummyimage.com/213x100.png/cc0000/ffffff'),
(462, 'http://dummyimage.com/247x100.png/dddddd/000000'),
(463, 'http://dummyimage.com/115x100.png/5fa2dd/ffffff'),
(464, 'http://dummyimage.com/164x100.png/5fa2dd/ffffff'),
(465, 'http://dummyimage.com/196x100.png/ff4444/ffffff'),
(466, 'http://dummyimage.com/229x100.png/dddddd/000000'),
(467, 'http://dummyimage.com/201x100.png/ff4444/ffffff'),
(468, 'http://dummyimage.com/185x100.png/5fa2dd/ffffff'),
(469, 'http://dummyimage.com/120x100.png/ff4444/ffffff'),
(470, 'http://dummyimage.com/156x100.png/5fa2dd/ffffff'),
(471, 'http://dummyimage.com/206x100.png/dddddd/000000'),
(472, 'http://dummyimage.com/185x100.png/dddddd/000000'),
(473, 'http://dummyimage.com/167x100.png/cc0000/ffffff'),
(474, 'http://dummyimage.com/222x100.png/dddddd/000000'),
(475, 'http://dummyimage.com/150x100.png/ff4444/ffffff'),
(476, 'http://dummyimage.com/181x100.png/5fa2dd/ffffff'),
(477, 'http://dummyimage.com/207x100.png/dddddd/000000'),
(478, 'http://dummyimage.com/149x100.png/cc0000/ffffff'),
(479, 'http://dummyimage.com/149x100.png/dddddd/000000'),
(480, 'http://dummyimage.com/113x100.png/dddddd/000000'),
(481, 'http://dummyimage.com/174x100.png/cc0000/ffffff'),
(482, 'http://dummyimage.com/104x100.png/ff4444/ffffff'),
(483, 'http://dummyimage.com/140x100.png/cc0000/ffffff'),
(484, 'http://dummyimage.com/208x100.png/dddddd/000000'),
(485, 'http://dummyimage.com/213x100.png/dddddd/000000'),
(486, 'http://dummyimage.com/139x100.png/cc0000/ffffff'),
(487, 'http://dummyimage.com/130x100.png/5fa2dd/ffffff'),
(488, 'http://dummyimage.com/172x100.png/ff4444/ffffff'),
(489, 'http://dummyimage.com/180x100.png/5fa2dd/ffffff'),
(490, 'http://dummyimage.com/212x100.png/dddddd/000000'),
(491, 'http://dummyimage.com/192x100.png/dddddd/000000'),
(492, 'http://dummyimage.com/164x100.png/5fa2dd/ffffff'),
(493, 'http://dummyimage.com/108x100.png/dddddd/000000'),
(494, 'http://dummyimage.com/102x100.png/ff4444/ffffff'),
(495, 'http://dummyimage.com/110x100.png/ff4444/ffffff'),
(496, 'http://dummyimage.com/139x100.png/cc0000/ffffff'),
(497, 'http://dummyimage.com/163x100.png/dddddd/000000'),
(498, 'http://dummyimage.com/248x100.png/ff4444/ffffff'),
(499, 'http://dummyimage.com/163x100.png/ff4444/ffffff'),
(500, 'http://dummyimage.com/107x100.png/ff4444/ffffff'),
(501, 'http://dummyimage.com/139x100.png/cc0000/ffffff'),
(502, 'http://dummyimage.com/197x100.png/ff4444/ffffff'),
(503, 'http://dummyimage.com/108x100.png/5fa2dd/ffffff'),
(504, 'http://dummyimage.com/142x100.png/dddddd/000000'),
(505, 'http://dummyimage.com/123x100.png/dddddd/000000'),
(506, 'http://dummyimage.com/170x100.png/5fa2dd/ffffff'),
(507, 'http://dummyimage.com/147x100.png/5fa2dd/ffffff'),
(508, 'http://dummyimage.com/168x100.png/cc0000/ffffff'),
(509, 'http://dummyimage.com/131x100.png/cc0000/ffffff'),
(510, 'http://dummyimage.com/146x100.png/dddddd/000000'),
(511, 'http://dummyimage.com/221x100.png/5fa2dd/ffffff'),
(512, 'http://dummyimage.com/245x100.png/cc0000/ffffff'),
(513, 'http://dummyimage.com/165x100.png/cc0000/ffffff'),
(514, 'http://dummyimage.com/139x100.png/ff4444/ffffff'),
(515, 'http://dummyimage.com/162x100.png/5fa2dd/ffffff'),
(516, 'http://dummyimage.com/235x100.png/ff4444/ffffff'),
(517, 'http://dummyimage.com/194x100.png/cc0000/ffffff'),
(518, 'http://dummyimage.com/212x100.png/cc0000/ffffff'),
(519, 'http://dummyimage.com/158x100.png/5fa2dd/ffffff'),
(520, 'http://dummyimage.com/122x100.png/dddddd/000000'),
(521, 'http://dummyimage.com/222x100.png/ff4444/ffffff'),
(522, 'http://dummyimage.com/221x100.png/dddddd/000000'),
(523, 'http://dummyimage.com/140x100.png/cc0000/ffffff'),
(524, 'http://dummyimage.com/110x100.png/dddddd/000000'),
(525, 'http://dummyimage.com/196x100.png/5fa2dd/ffffff'),
(526, 'http://dummyimage.com/161x100.png/cc0000/ffffff'),
(527, 'http://dummyimage.com/193x100.png/5fa2dd/ffffff'),
(528, 'http://dummyimage.com/128x100.png/5fa2dd/ffffff'),
(529, 'http://dummyimage.com/187x100.png/cc0000/ffffff'),
(530, 'http://dummyimage.com/144x100.png/cc0000/ffffff'),
(531, 'http://dummyimage.com/112x100.png/ff4444/ffffff'),
(532, 'http://dummyimage.com/177x100.png/ff4444/ffffff'),
(533, 'http://dummyimage.com/181x100.png/ff4444/ffffff'),
(534, 'http://dummyimage.com/201x100.png/ff4444/ffffff'),
(535, 'http://dummyimage.com/193x100.png/dddddd/000000'),
(536, 'http://dummyimage.com/216x100.png/5fa2dd/ffffff'),
(537, 'http://dummyimage.com/245x100.png/ff4444/ffffff'),
(538, 'http://dummyimage.com/183x100.png/5fa2dd/ffffff'),
(539, 'http://dummyimage.com/233x100.png/dddddd/000000'),
(540, 'http://dummyimage.com/166x100.png/cc0000/ffffff'),
(541, 'http://dummyimage.com/128x100.png/dddddd/000000'),
(542, 'http://dummyimage.com/208x100.png/dddddd/000000'),
(543, 'http://dummyimage.com/216x100.png/ff4444/ffffff'),
(544, 'http://dummyimage.com/240x100.png/dddddd/000000'),
(545, 'http://dummyimage.com/116x100.png/ff4444/ffffff'),
(546, 'http://dummyimage.com/223x100.png/ff4444/ffffff'),
(547, 'http://dummyimage.com/136x100.png/cc0000/ffffff'),
(548, 'http://dummyimage.com/199x100.png/5fa2dd/ffffff'),
(549, 'http://dummyimage.com/210x100.png/dddddd/000000'),
(550, 'http://dummyimage.com/239x100.png/5fa2dd/ffffff'),
(551, 'http://dummyimage.com/193x100.png/cc0000/ffffff'),
(552, 'http://dummyimage.com/188x100.png/cc0000/ffffff'),
(553, 'http://dummyimage.com/210x100.png/dddddd/000000'),
(554, 'http://dummyimage.com/212x100.png/5fa2dd/ffffff'),
(555, 'http://dummyimage.com/155x100.png/dddddd/000000'),
(556, 'http://dummyimage.com/233x100.png/5fa2dd/ffffff'),
(557, 'http://dummyimage.com/234x100.png/5fa2dd/ffffff'),
(558, 'http://dummyimage.com/164x100.png/cc0000/ffffff'),
(559, 'http://dummyimage.com/104x100.png/ff4444/ffffff'),
(560, 'http://dummyimage.com/134x100.png/dddddd/000000'),
(561, 'http://dummyimage.com/201x100.png/5fa2dd/ffffff'),
(562, 'http://dummyimage.com/112x100.png/cc0000/ffffff'),
(563, 'http://dummyimage.com/188x100.png/ff4444/ffffff'),
(564, 'http://dummyimage.com/128x100.png/ff4444/ffffff'),
(565, 'http://dummyimage.com/215x100.png/ff4444/ffffff'),
(566, 'http://dummyimage.com/142x100.png/cc0000/ffffff'),
(567, 'http://dummyimage.com/109x100.png/dddddd/000000'),
(568, 'http://dummyimage.com/160x100.png/cc0000/ffffff'),
(569, 'http://dummyimage.com/236x100.png/5fa2dd/ffffff'),
(570, 'http://dummyimage.com/236x100.png/ff4444/ffffff'),
(571, 'http://dummyimage.com/236x100.png/dddddd/000000'),
(572, 'http://dummyimage.com/249x100.png/5fa2dd/ffffff'),
(573, 'http://dummyimage.com/231x100.png/cc0000/ffffff'),
(574, 'http://dummyimage.com/223x100.png/5fa2dd/ffffff'),
(575, 'http://dummyimage.com/100x100.png/ff4444/ffffff'),
(576, 'http://dummyimage.com/171x100.png/dddddd/000000'),
(577, 'http://dummyimage.com/125x100.png/ff4444/ffffff'),
(578, 'http://dummyimage.com/206x100.png/5fa2dd/ffffff'),
(579, 'http://dummyimage.com/140x100.png/dddddd/000000'),
(580, 'http://dummyimage.com/155x100.png/5fa2dd/ffffff'),
(581, 'http://dummyimage.com/206x100.png/cc0000/ffffff'),
(582, 'http://dummyimage.com/177x100.png/cc0000/ffffff'),
(583, 'http://dummyimage.com/130x100.png/ff4444/ffffff'),
(584, 'http://dummyimage.com/224x100.png/dddddd/000000'),
(585, 'http://dummyimage.com/101x100.png/ff4444/ffffff'),
(586, 'http://dummyimage.com/191x100.png/cc0000/ffffff'),
(587, 'http://dummyimage.com/161x100.png/ff4444/ffffff'),
(588, 'http://dummyimage.com/152x100.png/dddddd/000000'),
(589, 'http://dummyimage.com/203x100.png/ff4444/ffffff'),
(590, 'http://dummyimage.com/204x100.png/cc0000/ffffff'),
(591, 'http://dummyimage.com/220x100.png/cc0000/ffffff'),
(592, 'http://dummyimage.com/172x100.png/dddddd/000000'),
(593, 'http://dummyimage.com/180x100.png/5fa2dd/ffffff'),
(594, 'http://dummyimage.com/182x100.png/ff4444/ffffff'),
(595, 'http://dummyimage.com/158x100.png/dddddd/000000'),
(596, 'http://dummyimage.com/111x100.png/5fa2dd/ffffff'),
(597, 'http://dummyimage.com/135x100.png/dddddd/000000'),
(598, 'http://dummyimage.com/240x100.png/cc0000/ffffff'),
(599, 'http://dummyimage.com/236x100.png/5fa2dd/ffffff'),
(600, 'http://dummyimage.com/170x100.png/cc0000/ffffff'),
(601, 'http://dummyimage.com/237x100.png/cc0000/ffffff'),
(602, 'http://dummyimage.com/181x100.png/ff4444/ffffff'),
(603, 'http://dummyimage.com/140x100.png/5fa2dd/ffffff'),
(604, 'http://dummyimage.com/217x100.png/dddddd/000000'),
(605, 'http://dummyimage.com/213x100.png/cc0000/ffffff'),
(606, 'http://dummyimage.com/109x100.png/ff4444/ffffff'),
(607, 'http://dummyimage.com/106x100.png/ff4444/ffffff'),
(608, 'http://dummyimage.com/143x100.png/5fa2dd/ffffff'),
(609, 'http://dummyimage.com/138x100.png/cc0000/ffffff'),
(610, 'http://dummyimage.com/214x100.png/cc0000/ffffff'),
(611, 'http://dummyimage.com/132x100.png/dddddd/000000'),
(612, 'http://dummyimage.com/141x100.png/ff4444/ffffff'),
(613, 'http://dummyimage.com/176x100.png/ff4444/ffffff'),
(614, 'http://dummyimage.com/169x100.png/5fa2dd/ffffff'),
(615, 'http://dummyimage.com/169x100.png/5fa2dd/ffffff'),
(616, 'http://dummyimage.com/182x100.png/ff4444/ffffff'),
(617, 'http://dummyimage.com/134x100.png/5fa2dd/ffffff'),
(618, 'http://dummyimage.com/174x100.png/5fa2dd/ffffff'),
(619, 'http://dummyimage.com/221x100.png/ff4444/ffffff'),
(620, 'http://dummyimage.com/158x100.png/5fa2dd/ffffff'),
(621, 'http://dummyimage.com/104x100.png/cc0000/ffffff'),
(622, 'http://dummyimage.com/191x100.png/ff4444/ffffff'),
(623, 'http://dummyimage.com/200x100.png/5fa2dd/ffffff'),
(624, 'http://dummyimage.com/219x100.png/dddddd/000000'),
(625, 'http://dummyimage.com/140x100.png/ff4444/ffffff'),
(626, 'http://dummyimage.com/160x100.png/dddddd/000000'),
(627, 'http://dummyimage.com/208x100.png/5fa2dd/ffffff'),
(628, 'http://dummyimage.com/141x100.png/dddddd/000000'),
(629, 'http://dummyimage.com/113x100.png/ff4444/ffffff'),
(630, 'http://dummyimage.com/238x100.png/dddddd/000000'),
(631, 'http://dummyimage.com/104x100.png/cc0000/ffffff'),
(632, 'http://dummyimage.com/126x100.png/ff4444/ffffff'),
(633, 'http://dummyimage.com/189x100.png/5fa2dd/ffffff'),
(634, 'http://dummyimage.com/141x100.png/5fa2dd/ffffff'),
(635, 'http://dummyimage.com/159x100.png/cc0000/ffffff'),
(636, 'http://dummyimage.com/237x100.png/5fa2dd/ffffff'),
(637, 'http://dummyimage.com/243x100.png/5fa2dd/ffffff'),
(638, 'http://dummyimage.com/215x100.png/dddddd/000000'),
(639, 'http://dummyimage.com/184x100.png/ff4444/ffffff'),
(640, 'http://dummyimage.com/152x100.png/dddddd/000000'),
(641, 'http://dummyimage.com/218x100.png/cc0000/ffffff'),
(642, 'http://dummyimage.com/139x100.png/cc0000/ffffff'),
(643, 'http://dummyimage.com/239x100.png/cc0000/ffffff'),
(644, 'http://dummyimage.com/155x100.png/5fa2dd/ffffff'),
(645, 'http://dummyimage.com/222x100.png/dddddd/000000'),
(646, 'http://dummyimage.com/162x100.png/5fa2dd/ffffff'),
(647, 'http://dummyimage.com/223x100.png/cc0000/ffffff'),
(648, 'http://dummyimage.com/234x100.png/5fa2dd/ffffff'),
(649, 'http://dummyimage.com/123x100.png/ff4444/ffffff'),
(650, 'http://dummyimage.com/107x100.png/cc0000/ffffff'),
(651, 'http://dummyimage.com/164x100.png/dddddd/000000'),
(652, 'http://dummyimage.com/189x100.png/cc0000/ffffff'),
(653, 'http://dummyimage.com/101x100.png/5fa2dd/ffffff'),
(654, 'http://dummyimage.com/242x100.png/ff4444/ffffff'),
(655, 'http://dummyimage.com/212x100.png/cc0000/ffffff'),
(656, 'http://dummyimage.com/112x100.png/ff4444/ffffff'),
(657, 'http://dummyimage.com/182x100.png/ff4444/ffffff'),
(658, 'http://dummyimage.com/131x100.png/dddddd/000000'),
(659, 'http://dummyimage.com/165x100.png/dddddd/000000'),
(660, 'http://dummyimage.com/172x100.png/5fa2dd/ffffff'),
(661, 'http://dummyimage.com/134x100.png/5fa2dd/ffffff'),
(662, 'http://dummyimage.com/188x100.png/cc0000/ffffff'),
(663, 'http://dummyimage.com/189x100.png/ff4444/ffffff'),
(664, 'http://dummyimage.com/179x100.png/ff4444/ffffff'),
(665, 'http://dummyimage.com/144x100.png/dddddd/000000'),
(666, 'http://dummyimage.com/116x100.png/dddddd/000000'),
(667, 'http://dummyimage.com/183x100.png/5fa2dd/ffffff'),
(668, 'http://dummyimage.com/229x100.png/dddddd/000000'),
(669, 'http://dummyimage.com/161x100.png/dddddd/000000'),
(670, 'http://dummyimage.com/137x100.png/cc0000/ffffff'),
(671, 'http://dummyimage.com/229x100.png/cc0000/ffffff'),
(672, 'http://dummyimage.com/219x100.png/ff4444/ffffff'),
(673, 'http://dummyimage.com/185x100.png/ff4444/ffffff'),
(674, 'http://dummyimage.com/160x100.png/5fa2dd/ffffff'),
(675, 'http://dummyimage.com/163x100.png/dddddd/000000'),
(676, 'http://dummyimage.com/125x100.png/5fa2dd/ffffff'),
(677, 'http://dummyimage.com/116x100.png/cc0000/ffffff'),
(678, 'http://dummyimage.com/236x100.png/cc0000/ffffff'),
(679, 'http://dummyimage.com/185x100.png/5fa2dd/ffffff'),
(680, 'http://dummyimage.com/239x100.png/cc0000/ffffff'),
(681, 'http://dummyimage.com/249x100.png/cc0000/ffffff'),
(682, 'http://dummyimage.com/246x100.png/cc0000/ffffff'),
(683, 'http://dummyimage.com/214x100.png/5fa2dd/ffffff'),
(684, 'http://dummyimage.com/150x100.png/dddddd/000000'),
(685, 'http://dummyimage.com/177x100.png/5fa2dd/ffffff'),
(686, 'http://dummyimage.com/235x100.png/dddddd/000000'),
(687, 'http://dummyimage.com/144x100.png/5fa2dd/ffffff'),
(688, 'http://dummyimage.com/202x100.png/5fa2dd/ffffff'),
(689, 'http://dummyimage.com/205x100.png/dddddd/000000'),
(690, 'http://dummyimage.com/195x100.png/ff4444/ffffff'),
(691, 'http://dummyimage.com/120x100.png/ff4444/ffffff'),
(692, 'http://dummyimage.com/118x100.png/cc0000/ffffff'),
(693, 'http://dummyimage.com/121x100.png/ff4444/ffffff'),
(694, 'http://dummyimage.com/127x100.png/5fa2dd/ffffff'),
(695, 'http://dummyimage.com/140x100.png/cc0000/ffffff'),
(696, 'http://dummyimage.com/168x100.png/cc0000/ffffff'),
(697, 'http://dummyimage.com/199x100.png/dddddd/000000'),
(698, 'http://dummyimage.com/123x100.png/5fa2dd/ffffff'),
(699, 'http://dummyimage.com/198x100.png/cc0000/ffffff'),
(700, 'http://dummyimage.com/244x100.png/5fa2dd/ffffff'),
(701, 'http://dummyimage.com/197x100.png/dddddd/000000'),
(702, 'http://dummyimage.com/126x100.png/ff4444/ffffff'),
(703, 'http://dummyimage.com/161x100.png/5fa2dd/ffffff'),
(704, 'http://dummyimage.com/246x100.png/cc0000/ffffff'),
(705, 'http://dummyimage.com/106x100.png/cc0000/ffffff'),
(706, 'http://dummyimage.com/176x100.png/cc0000/ffffff'),
(707, 'http://dummyimage.com/134x100.png/cc0000/ffffff'),
(708, 'http://dummyimage.com/242x100.png/ff4444/ffffff'),
(709, 'http://dummyimage.com/138x100.png/cc0000/ffffff'),
(710, 'http://dummyimage.com/166x100.png/5fa2dd/ffffff'),
(711, 'http://dummyimage.com/184x100.png/ff4444/ffffff'),
(712, 'http://dummyimage.com/237x100.png/5fa2dd/ffffff'),
(713, 'http://dummyimage.com/209x100.png/dddddd/000000'),
(714, 'http://dummyimage.com/200x100.png/ff4444/ffffff'),
(715, 'http://dummyimage.com/122x100.png/cc0000/ffffff'),
(716, 'http://dummyimage.com/160x100.png/dddddd/000000'),
(717, 'http://dummyimage.com/160x100.png/cc0000/ffffff'),
(718, 'http://dummyimage.com/242x100.png/cc0000/ffffff'),
(719, 'http://dummyimage.com/206x100.png/ff4444/ffffff'),
(720, 'http://dummyimage.com/200x100.png/cc0000/ffffff'),
(721, 'http://dummyimage.com/194x100.png/cc0000/ffffff'),
(722, 'http://dummyimage.com/172x100.png/cc0000/ffffff'),
(723, 'http://dummyimage.com/162x100.png/ff4444/ffffff'),
(724, 'http://dummyimage.com/215x100.png/ff4444/ffffff'),
(725, 'http://dummyimage.com/231x100.png/cc0000/ffffff'),
(726, 'http://dummyimage.com/214x100.png/ff4444/ffffff'),
(727, 'http://dummyimage.com/171x100.png/cc0000/ffffff'),
(728, 'http://dummyimage.com/204x100.png/dddddd/000000'),
(729, 'http://dummyimage.com/213x100.png/5fa2dd/ffffff'),
(730, 'http://dummyimage.com/242x100.png/cc0000/ffffff'),
(731, 'http://dummyimage.com/190x100.png/cc0000/ffffff'),
(732, 'http://dummyimage.com/111x100.png/cc0000/ffffff'),
(733, 'http://dummyimage.com/188x100.png/ff4444/ffffff'),
(734, 'http://dummyimage.com/212x100.png/ff4444/ffffff'),
(735, 'http://dummyimage.com/176x100.png/cc0000/ffffff'),
(736, 'http://dummyimage.com/120x100.png/ff4444/ffffff'),
(737, 'http://dummyimage.com/194x100.png/cc0000/ffffff'),
(738, 'http://dummyimage.com/175x100.png/ff4444/ffffff'),
(739, 'http://dummyimage.com/232x100.png/cc0000/ffffff'),
(740, 'http://dummyimage.com/100x100.png/5fa2dd/ffffff'),
(741, 'http://dummyimage.com/230x100.png/5fa2dd/ffffff'),
(742, 'http://dummyimage.com/139x100.png/cc0000/ffffff'),
(743, 'http://dummyimage.com/229x100.png/ff4444/ffffff'),
(744, 'http://dummyimage.com/232x100.png/cc0000/ffffff'),
(745, 'http://dummyimage.com/135x100.png/cc0000/ffffff'),
(746, 'http://dummyimage.com/244x100.png/cc0000/ffffff'),
(747, 'http://dummyimage.com/222x100.png/dddddd/000000'),
(748, 'http://dummyimage.com/227x100.png/5fa2dd/ffffff'),
(749, 'http://dummyimage.com/144x100.png/cc0000/ffffff'),
(750, 'http://dummyimage.com/234x100.png/5fa2dd/ffffff'),
(751, 'http://dummyimage.com/218x100.png/5fa2dd/ffffff'),
(752, 'http://dummyimage.com/187x100.png/dddddd/000000'),
(753, 'http://dummyimage.com/211x100.png/5fa2dd/ffffff'),
(754, 'http://dummyimage.com/230x100.png/ff4444/ffffff'),
(755, 'http://dummyimage.com/224x100.png/dddddd/000000'),
(756, 'http://dummyimage.com/226x100.png/5fa2dd/ffffff'),
(757, 'http://dummyimage.com/105x100.png/dddddd/000000'),
(758, 'http://dummyimage.com/120x100.png/ff4444/ffffff'),
(759, 'http://dummyimage.com/192x100.png/dddddd/000000'),
(760, 'http://dummyimage.com/108x100.png/dddddd/000000'),
(761, 'http://dummyimage.com/104x100.png/ff4444/ffffff'),
(762, 'http://dummyimage.com/239x100.png/dddddd/000000'),
(763, 'http://dummyimage.com/143x100.png/5fa2dd/ffffff'),
(764, 'http://dummyimage.com/191x100.png/cc0000/ffffff'),
(765, 'http://dummyimage.com/180x100.png/dddddd/000000'),
(766, 'http://dummyimage.com/110x100.png/5fa2dd/ffffff'),
(767, 'http://dummyimage.com/163x100.png/cc0000/ffffff'),
(768, 'http://dummyimage.com/249x100.png/dddddd/000000'),
(769, 'http://dummyimage.com/172x100.png/cc0000/ffffff'),
(770, 'http://dummyimage.com/224x100.png/dddddd/000000'),
(771, 'http://dummyimage.com/153x100.png/cc0000/ffffff'),
(772, 'http://dummyimage.com/155x100.png/5fa2dd/ffffff'),
(773, 'http://dummyimage.com/130x100.png/cc0000/ffffff'),
(774, 'http://dummyimage.com/174x100.png/dddddd/000000'),
(775, 'http://dummyimage.com/246x100.png/dddddd/000000'),
(776, 'http://dummyimage.com/160x100.png/cc0000/ffffff'),
(777, 'http://dummyimage.com/144x100.png/cc0000/ffffff'),
(778, 'http://dummyimage.com/179x100.png/ff4444/ffffff'),
(779, 'http://dummyimage.com/112x100.png/cc0000/ffffff'),
(780, 'http://dummyimage.com/224x100.png/5fa2dd/ffffff'),
(781, 'http://dummyimage.com/184x100.png/5fa2dd/ffffff'),
(782, 'http://dummyimage.com/102x100.png/dddddd/000000'),
(783, 'http://dummyimage.com/138x100.png/cc0000/ffffff'),
(784, 'http://dummyimage.com/187x100.png/dddddd/000000'),
(785, 'http://dummyimage.com/193x100.png/5fa2dd/ffffff'),
(786, 'http://dummyimage.com/189x100.png/cc0000/ffffff'),
(787, 'http://dummyimage.com/172x100.png/dddddd/000000'),
(788, 'http://dummyimage.com/210x100.png/5fa2dd/ffffff'),
(789, 'http://dummyimage.com/223x100.png/ff4444/ffffff'),
(790, 'http://dummyimage.com/222x100.png/dddddd/000000'),
(791, 'http://dummyimage.com/131x100.png/ff4444/ffffff'),
(792, 'http://dummyimage.com/150x100.png/cc0000/ffffff'),
(793, 'http://dummyimage.com/137x100.png/ff4444/ffffff'),
(794, 'http://dummyimage.com/233x100.png/5fa2dd/ffffff'),
(795, 'http://dummyimage.com/195x100.png/5fa2dd/ffffff'),
(796, 'http://dummyimage.com/241x100.png/5fa2dd/ffffff'),
(797, 'http://dummyimage.com/103x100.png/5fa2dd/ffffff'),
(798, 'http://dummyimage.com/174x100.png/dddddd/000000'),
(799, 'http://dummyimage.com/142x100.png/dddddd/000000'),
(800, 'http://dummyimage.com/242x100.png/ff4444/ffffff'),
(801, 'http://dummyimage.com/103x100.png/dddddd/000000'),
(802, 'http://dummyimage.com/152x100.png/5fa2dd/ffffff'),
(803, 'http://dummyimage.com/233x100.png/dddddd/000000'),
(804, 'http://dummyimage.com/148x100.png/cc0000/ffffff'),
(805, 'http://dummyimage.com/184x100.png/dddddd/000000'),
(806, 'http://dummyimage.com/143x100.png/ff4444/ffffff'),
(807, 'http://dummyimage.com/110x100.png/dddddd/000000'),
(808, 'http://dummyimage.com/122x100.png/dddddd/000000'),
(809, 'http://dummyimage.com/152x100.png/dddddd/000000'),
(810, 'http://dummyimage.com/104x100.png/5fa2dd/ffffff'),
(811, 'http://dummyimage.com/112x100.png/ff4444/ffffff'),
(812, 'http://dummyimage.com/122x100.png/dddddd/000000'),
(813, 'http://dummyimage.com/112x100.png/dddddd/000000'),
(814, 'http://dummyimage.com/218x100.png/dddddd/000000'),
(815, 'http://dummyimage.com/100x100.png/ff4444/ffffff'),
(816, 'http://dummyimage.com/138x100.png/ff4444/ffffff'),
(817, 'http://dummyimage.com/105x100.png/dddddd/000000'),
(818, 'http://dummyimage.com/135x100.png/ff4444/ffffff'),
(819, 'http://dummyimage.com/209x100.png/dddddd/000000'),
(820, 'http://dummyimage.com/227x100.png/cc0000/ffffff'),
(821, 'http://dummyimage.com/118x100.png/ff4444/ffffff'),
(822, 'http://dummyimage.com/186x100.png/cc0000/ffffff'),
(823, 'http://dummyimage.com/182x100.png/cc0000/ffffff'),
(824, 'http://dummyimage.com/219x100.png/ff4444/ffffff'),
(825, 'http://dummyimage.com/116x100.png/5fa2dd/ffffff'),
(826, 'http://dummyimage.com/237x100.png/ff4444/ffffff'),
(827, 'http://dummyimage.com/183x100.png/ff4444/ffffff'),
(828, 'http://dummyimage.com/195x100.png/cc0000/ffffff'),
(829, 'http://dummyimage.com/242x100.png/cc0000/ffffff'),
(830, 'http://dummyimage.com/237x100.png/dddddd/000000'),
(831, 'http://dummyimage.com/145x100.png/ff4444/ffffff'),
(832, 'http://dummyimage.com/140x100.png/cc0000/ffffff'),
(833, 'http://dummyimage.com/147x100.png/ff4444/ffffff'),
(834, 'http://dummyimage.com/109x100.png/cc0000/ffffff'),
(835, 'http://dummyimage.com/189x100.png/ff4444/ffffff'),
(836, 'http://dummyimage.com/182x100.png/dddddd/000000'),
(837, 'http://dummyimage.com/141x100.png/ff4444/ffffff'),
(838, 'http://dummyimage.com/188x100.png/ff4444/ffffff'),
(839, 'http://dummyimage.com/110x100.png/5fa2dd/ffffff'),
(840, 'http://dummyimage.com/250x100.png/cc0000/ffffff'),
(841, 'http://dummyimage.com/221x100.png/cc0000/ffffff'),
(842, 'http://dummyimage.com/178x100.png/ff4444/ffffff'),
(843, 'http://dummyimage.com/220x100.png/cc0000/ffffff'),
(844, 'http://dummyimage.com/187x100.png/ff4444/ffffff'),
(845, 'http://dummyimage.com/102x100.png/5fa2dd/ffffff'),
(846, 'http://dummyimage.com/109x100.png/dddddd/000000'),
(847, 'http://dummyimage.com/203x100.png/ff4444/ffffff'),
(848, 'http://dummyimage.com/172x100.png/ff4444/ffffff'),
(849, 'http://dummyimage.com/120x100.png/ff4444/ffffff'),
(850, 'http://dummyimage.com/222x100.png/ff4444/ffffff'),
(851, 'http://dummyimage.com/223x100.png/5fa2dd/ffffff'),
(852, 'http://dummyimage.com/106x100.png/5fa2dd/ffffff'),
(853, 'http://dummyimage.com/163x100.png/5fa2dd/ffffff'),
(854, 'http://dummyimage.com/242x100.png/cc0000/ffffff'),
(855, 'http://dummyimage.com/112x100.png/ff4444/ffffff'),
(856, 'http://dummyimage.com/114x100.png/cc0000/ffffff'),
(857, 'http://dummyimage.com/231x100.png/ff4444/ffffff'),
(858, 'http://dummyimage.com/137x100.png/ff4444/ffffff'),
(859, 'http://dummyimage.com/207x100.png/5fa2dd/ffffff'),
(860, 'http://dummyimage.com/146x100.png/dddddd/000000'),
(861, 'http://dummyimage.com/209x100.png/5fa2dd/ffffff'),
(862, 'http://dummyimage.com/171x100.png/dddddd/000000'),
(863, 'http://dummyimage.com/101x100.png/5fa2dd/ffffff'),
(864, 'http://dummyimage.com/196x100.png/dddddd/000000'),
(865, 'http://dummyimage.com/172x100.png/ff4444/ffffff'),
(866, 'http://dummyimage.com/126x100.png/5fa2dd/ffffff'),
(867, 'http://dummyimage.com/237x100.png/ff4444/ffffff'),
(868, 'http://dummyimage.com/217x100.png/ff4444/ffffff'),
(869, 'http://dummyimage.com/119x100.png/ff4444/ffffff'),
(870, 'http://dummyimage.com/156x100.png/ff4444/ffffff'),
(871, 'http://dummyimage.com/199x100.png/dddddd/000000'),
(872, 'http://dummyimage.com/231x100.png/cc0000/ffffff'),
(873, 'http://dummyimage.com/189x100.png/dddddd/000000'),
(874, 'http://dummyimage.com/113x100.png/ff4444/ffffff'),
(875, 'http://dummyimage.com/168x100.png/5fa2dd/ffffff'),
(876, 'http://dummyimage.com/137x100.png/ff4444/ffffff'),
(877, 'http://dummyimage.com/183x100.png/ff4444/ffffff'),
(878, 'http://dummyimage.com/250x100.png/ff4444/ffffff'),
(879, 'http://dummyimage.com/142x100.png/5fa2dd/ffffff'),
(880, 'http://dummyimage.com/192x100.png/ff4444/ffffff'),
(881, 'http://dummyimage.com/204x100.png/dddddd/000000'),
(882, 'http://dummyimage.com/164x100.png/ff4444/ffffff'),
(883, 'http://dummyimage.com/171x100.png/cc0000/ffffff'),
(884, 'http://dummyimage.com/163x100.png/5fa2dd/ffffff'),
(885, 'http://dummyimage.com/176x100.png/5fa2dd/ffffff'),
(886, 'http://dummyimage.com/166x100.png/cc0000/ffffff'),
(887, 'http://dummyimage.com/122x100.png/cc0000/ffffff'),
(888, 'http://dummyimage.com/216x100.png/dddddd/000000'),
(889, 'http://dummyimage.com/184x100.png/5fa2dd/ffffff'),
(890, 'http://dummyimage.com/217x100.png/cc0000/ffffff'),
(891, 'http://dummyimage.com/163x100.png/5fa2dd/ffffff'),
(892, 'http://dummyimage.com/123x100.png/5fa2dd/ffffff'),
(893, 'http://dummyimage.com/136x100.png/ff4444/ffffff');
INSERT INTO `image` (`image_id`, `image_path`) VALUES
(894, 'http://dummyimage.com/203x100.png/dddddd/000000'),
(895, 'http://dummyimage.com/181x100.png/ff4444/ffffff'),
(896, 'http://dummyimage.com/160x100.png/5fa2dd/ffffff'),
(897, 'http://dummyimage.com/177x100.png/5fa2dd/ffffff'),
(898, 'http://dummyimage.com/163x100.png/dddddd/000000'),
(899, 'http://dummyimage.com/124x100.png/dddddd/000000'),
(900, 'http://dummyimage.com/193x100.png/5fa2dd/ffffff'),
(901, 'http://dummyimage.com/229x100.png/cc0000/ffffff'),
(902, 'http://dummyimage.com/121x100.png/dddddd/000000'),
(903, 'http://dummyimage.com/146x100.png/5fa2dd/ffffff'),
(904, 'http://dummyimage.com/188x100.png/cc0000/ffffff'),
(905, 'http://dummyimage.com/250x100.png/cc0000/ffffff'),
(906, 'http://dummyimage.com/110x100.png/ff4444/ffffff'),
(907, 'http://dummyimage.com/219x100.png/5fa2dd/ffffff'),
(908, 'http://dummyimage.com/232x100.png/dddddd/000000'),
(909, 'http://dummyimage.com/106x100.png/5fa2dd/ffffff'),
(910, 'http://dummyimage.com/231x100.png/cc0000/ffffff'),
(911, 'http://dummyimage.com/133x100.png/dddddd/000000'),
(912, 'http://dummyimage.com/242x100.png/cc0000/ffffff'),
(913, 'http://dummyimage.com/112x100.png/dddddd/000000'),
(914, 'http://dummyimage.com/131x100.png/dddddd/000000'),
(915, 'http://dummyimage.com/211x100.png/cc0000/ffffff'),
(916, 'http://dummyimage.com/215x100.png/5fa2dd/ffffff'),
(917, 'http://dummyimage.com/132x100.png/5fa2dd/ffffff'),
(918, 'http://dummyimage.com/155x100.png/cc0000/ffffff'),
(919, 'http://dummyimage.com/149x100.png/dddddd/000000'),
(920, 'http://dummyimage.com/197x100.png/cc0000/ffffff'),
(921, 'http://dummyimage.com/228x100.png/cc0000/ffffff'),
(922, 'http://dummyimage.com/192x100.png/dddddd/000000'),
(923, 'http://dummyimage.com/201x100.png/5fa2dd/ffffff'),
(924, 'http://dummyimage.com/225x100.png/ff4444/ffffff'),
(925, 'http://dummyimage.com/146x100.png/5fa2dd/ffffff'),
(926, 'http://dummyimage.com/243x100.png/ff4444/ffffff'),
(927, 'http://dummyimage.com/149x100.png/dddddd/000000'),
(928, 'http://dummyimage.com/153x100.png/dddddd/000000'),
(929, 'http://dummyimage.com/242x100.png/dddddd/000000'),
(930, 'http://dummyimage.com/114x100.png/ff4444/ffffff'),
(931, 'http://dummyimage.com/137x100.png/dddddd/000000'),
(932, 'http://dummyimage.com/216x100.png/5fa2dd/ffffff'),
(933, 'http://dummyimage.com/130x100.png/ff4444/ffffff'),
(934, 'http://dummyimage.com/128x100.png/cc0000/ffffff'),
(935, 'http://dummyimage.com/158x100.png/cc0000/ffffff'),
(936, 'http://dummyimage.com/151x100.png/cc0000/ffffff'),
(937, 'http://dummyimage.com/184x100.png/cc0000/ffffff'),
(938, 'http://dummyimage.com/183x100.png/ff4444/ffffff'),
(939, 'http://dummyimage.com/250x100.png/dddddd/000000'),
(940, 'http://dummyimage.com/210x100.png/dddddd/000000'),
(941, 'http://dummyimage.com/238x100.png/5fa2dd/ffffff'),
(942, 'http://dummyimage.com/136x100.png/5fa2dd/ffffff'),
(943, 'http://dummyimage.com/185x100.png/dddddd/000000'),
(944, 'http://dummyimage.com/206x100.png/5fa2dd/ffffff'),
(945, 'http://dummyimage.com/227x100.png/ff4444/ffffff'),
(946, 'http://dummyimage.com/221x100.png/dddddd/000000'),
(947, 'http://dummyimage.com/132x100.png/cc0000/ffffff'),
(948, 'http://dummyimage.com/208x100.png/cc0000/ffffff'),
(949, 'http://dummyimage.com/125x100.png/dddddd/000000'),
(950, 'http://dummyimage.com/206x100.png/dddddd/000000'),
(951, 'http://dummyimage.com/110x100.png/ff4444/ffffff'),
(952, 'http://dummyimage.com/189x100.png/dddddd/000000'),
(953, 'http://dummyimage.com/176x100.png/5fa2dd/ffffff'),
(954, 'http://dummyimage.com/188x100.png/ff4444/ffffff'),
(955, 'http://dummyimage.com/155x100.png/5fa2dd/ffffff'),
(956, 'http://dummyimage.com/121x100.png/5fa2dd/ffffff'),
(957, 'http://dummyimage.com/184x100.png/dddddd/000000'),
(958, 'http://dummyimage.com/229x100.png/dddddd/000000'),
(959, 'http://dummyimage.com/117x100.png/dddddd/000000'),
(960, 'http://dummyimage.com/164x100.png/dddddd/000000'),
(961, 'http://dummyimage.com/100x100.png/cc0000/ffffff'),
(962, 'http://dummyimage.com/179x100.png/ff4444/ffffff'),
(963, 'http://dummyimage.com/108x100.png/5fa2dd/ffffff'),
(964, 'http://dummyimage.com/206x100.png/ff4444/ffffff'),
(965, 'http://dummyimage.com/151x100.png/dddddd/000000'),
(966, 'http://dummyimage.com/116x100.png/5fa2dd/ffffff'),
(967, 'http://dummyimage.com/118x100.png/dddddd/000000'),
(968, 'http://dummyimage.com/143x100.png/dddddd/000000'),
(969, 'http://dummyimage.com/193x100.png/5fa2dd/ffffff'),
(970, 'http://dummyimage.com/221x100.png/dddddd/000000'),
(971, 'http://dummyimage.com/200x100.png/cc0000/ffffff'),
(972, 'http://dummyimage.com/190x100.png/ff4444/ffffff'),
(973, 'http://dummyimage.com/193x100.png/cc0000/ffffff'),
(974, 'http://dummyimage.com/187x100.png/ff4444/ffffff'),
(975, 'http://dummyimage.com/163x100.png/5fa2dd/ffffff'),
(976, 'http://dummyimage.com/152x100.png/dddddd/000000'),
(977, 'http://dummyimage.com/151x100.png/dddddd/000000'),
(978, 'http://dummyimage.com/236x100.png/cc0000/ffffff'),
(979, 'http://dummyimage.com/158x100.png/ff4444/ffffff'),
(980, 'http://dummyimage.com/243x100.png/cc0000/ffffff'),
(981, 'http://dummyimage.com/210x100.png/dddddd/000000'),
(982, 'http://dummyimage.com/112x100.png/5fa2dd/ffffff'),
(983, 'http://dummyimage.com/112x100.png/dddddd/000000'),
(984, 'http://dummyimage.com/218x100.png/cc0000/ffffff'),
(985, 'http://dummyimage.com/212x100.png/5fa2dd/ffffff'),
(986, 'http://dummyimage.com/240x100.png/5fa2dd/ffffff'),
(987, 'http://dummyimage.com/217x100.png/5fa2dd/ffffff'),
(988, 'http://dummyimage.com/250x100.png/ff4444/ffffff'),
(989, 'http://dummyimage.com/237x100.png/cc0000/ffffff'),
(990, 'http://dummyimage.com/123x100.png/5fa2dd/ffffff'),
(991, 'http://dummyimage.com/114x100.png/ff4444/ffffff'),
(992, 'http://dummyimage.com/235x100.png/dddddd/000000'),
(993, 'http://dummyimage.com/218x100.png/cc0000/ffffff'),
(994, 'http://dummyimage.com/170x100.png/5fa2dd/ffffff'),
(995, 'http://dummyimage.com/100x100.png/cc0000/ffffff'),
(996, 'http://dummyimage.com/203x100.png/dddddd/000000'),
(997, 'http://dummyimage.com/231x100.png/dddddd/000000'),
(998, 'http://dummyimage.com/162x100.png/5fa2dd/ffffff'),
(999, 'http://dummyimage.com/163x100.png/dddddd/000000'),
(1000, 'http://dummyimage.com/227x100.png/5fa2dd/ffffff');

-- --------------------------------------------------------

--
-- Table structure for table `review`
--

CREATE TABLE `review` (
  `review_id` int(11) NOT NULL,
  `review_desc` text NOT NULL,
  `collection_id` int(11) NOT NULL,
  `user_id` int(11) NOT NULL
) ENGINE=InnoDB DEFAULT CHARSET=utf8mb4;

--
-- Dumping data for table `review`
--

INSERT INTO `review` (`review_id`, `review_desc`, `collection_id`, `user_id`) VALUES
(1, 'Repair Left Shoulder Tendon, Percutaneous Approach', 22, 19),
(2, 'Removal of Synthetic Substitute from Urethra, Via Natural or Artificial Opening', 17, 16),
(3, 'Resection of Lower Tooth, Multiple, Open Approach', 94, 16),
(4, 'Intraoperative Radiation Therapy (IORT) of Liver', 96, 18),
(5, 'Extirpation of Matter from Left Kidney Pelvis, Via Natural or Artificial Opening', 69, 11),
(6, 'Occlusion of Right Thyroid Artery with Extraluminal Device, Open Approach', 57, 18),
(7, 'Supplement Pericardium with Nonautologous Tissue Substitute, Percutaneous Endoscopic Approach', 15, 13),
(8, 'Revision of Radioactive Element in Vagina and Cul-de-sac, Via Natural or Artificial Opening Endoscopic', 91, 15),
(9, 'Release Descending Colon, Percutaneous Endoscopic Approach', 75, 16),
(10, 'Removal of Synthetic Substitute from Upper Back, Percutaneous Approach', 70, 16),
(11, 'Occlusion of Left Femoral Vein, Percutaneous Endoscopic Approach', 1, 13),
(12, 'Ultrasonography of Right Common Carotid Artery, Intravascular', 46, 13),
(13, 'Resection of Pharynx, Open Approach', 22, 3),
(14, 'Excision of Lumbar Plexus, Percutaneous Approach', 55, 6),
(15, 'Imaging, Gastrointestinal System, Ultrasonography', 48, 5),
(16, 'Reposition Right Abdomen Tendon, Open Approach', 97, 19),
(17, 'Introduction of Other Diagnostic Substance into Joints, Percutaneous Approach', 96, 1),
(18, 'Destruction of Left Ventricle, Open Approach', 48, 14),
(19, 'Supplement of Right Eye with Nonautologous Tissue Substitute, Open Approach', 5, 18),
(20, 'Drainage of Bilateral Carotid Bodies, Percutaneous Endoscopic Approach', 26, 2),
(21, 'Replacement of Left Cephalic Vein with Nonautologous Tissue Substitute, Open Approach', 70, 16),
(22, 'Removal of Synthetic Substitute from Left Breast, Open Approach', 73, 18),
(23, 'Revision of Synthetic Substitute in Skull, Open Approach', 21, 14),
(24, 'Ear, Nose, Sinus, Inspection', 34, 14),
(25, 'Removal of Extraluminal Device from Urethra, Open Approach', 63, 5),
(26, 'Insertion of Infusion Device into Left Foot Vein, Open Approach', 20, 12),
(27, 'Dilation of Face Artery, Bifurcation, with Four or More Drug-eluting Intraluminal Devices, Percutaneous Endoscopic Approach', 17, 4),
(28, 'Revision of Internal Fixation Device in Right Temporomandibular Joint, External Approach', 4, 17),
(29, 'Restriction of Ascending Colon, Via Natural or Artificial Opening Endoscopic', 96, 8),
(30, 'Removal of Synthetic Substitute from Right Breast, Open Approach', 28, 13),
(31, 'Excision of Ileum, Percutaneous Endoscopic Approach', 14, 14),
(32, 'Supplement Facial Nerve with Autologous Tissue Substitute, Percutaneous Approach', 53, 17),
(33, 'Replacement of Ventricular Septum with Autologous Tissue Substitute, Open Approach', 98, 20),
(34, 'Removal of Internal Fixation Device from Left Lower Femur, Percutaneous Approach', 30, 19),
(35, 'Reposition Left Acetabulum, Percutaneous Endoscopic Approach', 77, 5),
(36, 'Removal of Radioactive Element from Right Lung, Via Natural or Artificial Opening', 4, 7),
(37, 'Extirpation of Matter from Right Pelvic Bone, Percutaneous Endoscopic Approach', 28, 1),
(38, 'Resection of Right Hip Bursa and Ligament, Percutaneous Endoscopic Approach', 57, 5),
(39, 'Insertion of Intraluminal Device into Left Posterior Tibial Artery, Open Approach', 35, 17),
(40, 'Destruction of Left Vocal Cord, Percutaneous Approach', 64, 12),
(41, 'Repair Left Seminal Vesicle, Open Approach', 33, 7),
(42, 'Revision of Autologous Tissue Substitute in Cranial Nerve, Percutaneous Endoscopic Approach', 64, 12),
(43, 'Revision of Internal Fixation Device in Cervical Vertebral Joint, Percutaneous Approach', 10, 11),
(44, 'Monitoring of Cardiac Electrical Activity, Percutaneous Approach', 11, 16),
(45, 'Repair Cervical Vertebra, Percutaneous Approach', 27, 20),
(46, 'Bypass Right Axillary Artery to Right Extracranial Artery with Nonautologous Tissue Substitute, Open Approach', 3, 17),
(47, 'Alteration of Left Wrist Region with Synthetic Substitute, Open Approach', 38, 8),
(48, 'Alteration of Face Subcutaneous Tissue and Fascia, Open Approach', 55, 10),
(49, 'Insertion of Airway into Nasopharynx, Via Natural or Artificial Opening', 9, 18),
(50, 'Detachment at Right 4th Toe, High, Open Approach', 36, 13),
(51, 'Replacement of Left Sphenoid Bone with Nonautologous Tissue Substitute, Percutaneous Endoscopic Approach', 19, 15),
(52, 'Heart and Great Vessels, Transplantation', 91, 20),
(53, 'Dilation of Right External Jugular Vein, Percutaneous Approach', 40, 16),
(54, 'Fusion of Thoracic Vertebral Joint with Interbody Fusion Device, Posterior Approach, Posterior Column, Open Approach', 53, 20),
(55, 'Drainage of Left Acetabulum, Open Approach', 52, 4),
(56, 'Dilation of Left Common Iliac Artery with Two Intraluminal Devices, Percutaneous Approach', 10, 11),
(57, 'Extirpation of Matter from Right Patella, Percutaneous Endoscopic Approach', 3, 1),
(58, 'Drainage of Left Tarsal Joint with Drainage Device, Open Approach', 34, 15),
(59, 'Dilation of Right Internal Iliac Artery with Two Intraluminal Devices, Percutaneous Endoscopic Approach', 65, 8),
(60, 'Immobilization of Right Upper Leg using Splint', 77, 19),
(61, 'Insertion of Facet Replacement Spinal Stabilization Device into Cervicothoracic Vertebral Joint, Percutaneous Endoscopic Approach', 7, 18),
(62, 'Dilation of Left Main Bronchus with Intraluminal Device, Percutaneous Approach', 58, 11),
(63, 'Release Right Lower Arm and Wrist Muscle, Percutaneous Endoscopic Approach', 27, 8),
(64, 'Auditory Processing Treatment using Computer', 85, 4),
(65, 'Release Right Lower Extremity Lymphatic, Percutaneous Approach', 8, 1),
(66, 'Revision of Intraluminal Device in Pancreas, External Approach', 61, 8),
(67, 'Occlusion of Right Femoral Artery, Percutaneous Approach', 52, 9),
(68, 'Release Toe Nail, External Approach', 4, 8),
(69, 'Drainage of Left Upper Lobe Bronchus with Drainage Device, Open Approach', 60, 19),
(70, 'Revision of Autologous Tissue Substitute in Right Glenoid Cavity, Percutaneous Endoscopic Approach', 58, 17),
(71, 'Excision of Supernumerary Breast, Via Natural or Artificial Opening', 82, 5),
(72, 'Release Right Hepatic Duct, Percutaneous Approach', 94, 7),
(73, 'Bypass Left Internal Jugular Vein to Upper Vein with Nonautologous Tissue Substitute, Percutaneous Endoscopic Approach', 15, 18),
(74, 'Irrigation of Respiratory Tract using Irrigating Substance, Percutaneous Approach, Diagnostic', 49, 12),
(75, 'Occlusion of Left Anterior Tibial Artery with Intraluminal Device, Percutaneous Endoscopic Approach', 11, 5),
(76, 'Intraoperative Radiation Therapy (IORT) of Nasopharynx', 75, 9),
(77, 'Insertion of Intraluminal Device into Right Subclavian Vein, Percutaneous Endoscopic Approach', 69, 6),
(78, 'Destruction of Thoracic Spinal Cord, Open Approach', 3, 20),
(79, 'Dilation of Pharynx, Via Natural or Artificial Opening Endoscopic', 2, 11),
(80, 'Restriction of Left Ulnar Artery with Intraluminal Device, Percutaneous Endoscopic Approach', 82, 20),
(81, 'Destruction of Right Metatarsal, Open Approach', 71, 15),
(82, 'Control Bleeding in Face, Open Approach', 42, 12),
(83, 'Inspection of Ureter, Open Approach', 23, 12),
(84, 'Supplement Abdominal Wall with Synthetic Substitute, Open Approach', 46, 16),
(85, 'Insertion of Intraluminal Device into Tracheobronchial Tree, Open Approach', 51, 10),
(86, 'Restriction of Right Common Iliac Vein with Extraluminal Device, Open Approach', 31, 10),
(87, 'Repair Brain, Open Approach', 26, 9),
(88, 'Removal of Infusion Device from Right Metatarsal-Tarsal Joint, Percutaneous Endoscopic Approach', 59, 18),
(89, 'Revision of Drainage Device in Peritoneum, Percutaneous Approach', 32, 14),
(90, 'Restriction of Upper Esophagus with Intraluminal Device, Open Approach', 96, 12),
(91, 'Replacement of Left Radial Artery with Autologous Tissue Substitute, Open Approach', 20, 11),
(92, 'Revision of Synthetic Substitute in Right Ankle Joint, External Approach', 28, 18),
(93, 'Occlusion of Right External Jugular Vein with Extraluminal Device, Percutaneous Approach', 35, 5),
(94, 'Resection of Transverse Colon, Via Natural or Artificial Opening Endoscopic', 37, 19),
(95, 'Release Right External Auditory Canal, Percutaneous Endoscopic Approach', 34, 7),
(96, 'Bypass Left Subclavian Artery to Bilateral Lower Arm Artery with Autologous Venous Tissue, Open Approach', 58, 4),
(97, 'Removal of Internal Fixation Device from Left Clavicle, Percutaneous Approach', 96, 14),
(98, 'Drainage of Retroperitoneum, Open Approach', 55, 3),
(99, 'Inspection of Left Femoral Region, Open Approach', 3, 7),
(100, 'Extirpation of Matter from Jejunum, Percutaneous Approach', 58, 5),
(101, 'Drainage of Right Renal Artery, Open Approach, Diagnostic', 52, 12),
(102, 'Fusion of 2 or more Cervical Vertebral Joints with Nonautologous Tissue Substitute, Anterior Approach, Anterior Column, Percutaneous Approach', 52, 6),
(103, 'Removal of Autologous Tissue Substitute from Right Clavicle, Open Approach', 49, 5),
(104, 'Drainage of Pelvis Lymphatic, Percutaneous Endoscopic Approach', 39, 12),
(105, 'Revision of Internal Fixation Device in Right Finger Phalangeal Joint, Open Approach', 40, 14),
(106, 'Revision of Monitoring Device in Pleura, Percutaneous Endoscopic Approach', 36, 6),
(107, 'Supplement Jejunum with Nonautologous Tissue Substitute, Open Approach', 99, 15),
(108, 'Bypass Right Popliteal Artery to Popliteal Artery with Autologous Venous Tissue, Percutaneous Endoscopic Approach', 49, 10),
(109, 'Plain Radiography of Right Toe(s)', 14, 17),
(110, 'Dilation of Left Subclavian Artery, Bifurcation, with Drug-eluting Intraluminal Device, Open Approach', 66, 5),
(111, 'Replacement of Right Vocal Cord with Nonautologous Tissue Substitute, Via Natural or Artificial Opening Endoscopic', 93, 9),
(112, 'Repair Sigmoid Colon, Via Natural or Artificial Opening', 4, 8),
(113, 'Dilation of Ileocecal Valve with Intraluminal Device, Percutaneous Approach', 57, 18),
(114, 'Beam Radiation of Radius/Ulna using Heavy Particles (Protons,Ions)', 19, 15),
(115, 'Beam Radiation of Gallbladder using Neutron Capture', 10, 10),
(116, 'Bypass Left Ventricle to Pulmonary Trunk with Autologous Venous Tissue, Percutaneous Endoscopic Approach', 37, 9),
(117, 'Resection of Right Hip Bursa and Ligament, Open Approach', 39, 5),
(118, 'Revision of Extraluminal Device in Lymphatic, External Approach', 79, 19),
(119, 'Release Left Face Vein, Percutaneous Approach', 12, 17),
(120, 'Excision of Nasopharynx, Via Natural or Artificial Opening', 86, 18),
(121, 'Bypass Left Axillary Artery to Left Upper Leg Artery with Nonautologous Tissue Substitute, Open Approach', 65, 18),
(122, 'Revision of Synthetic Substitute in Right Breast, Open Approach', 13, 20),
(123, 'Replacement of Uvula with Autologous Tissue Substitute, External Approach', 30, 7),
(124, 'Supplement Left Tarsal with Nonautologous Tissue Substitute, Percutaneous Endoscopic Approach', 84, 7),
(125, 'Monaural Hearing Aid Assessment using Assistive Listening Equipment', 63, 12),
(126, 'Drainage of Medulla Oblongata with Drainage Device, Open Approach', 50, 10),
(127, 'Insertion of Infusion Device into Left Tarsal Joint, Percutaneous Approach', 2, 11),
(128, 'Dilation of Intracranial Artery with Four or More Intraluminal Devices, Percutaneous Endoscopic Approach', 15, 16),
(129, 'Extirpation of Matter from Sacral Plexus, Percutaneous Approach', 20, 19),
(130, 'Revision of Synthetic Substitute in Left Hip Joint, Femoral Surface, Open Approach', 54, 8),
(131, 'Fusion of 8 or more Thoracic Vertebral Joints with Interbody Fusion Device, Posterior Approach, Anterior Column, Open Approach', 28, 8),
(132, 'Extirpation of Matter from Cisterna Chyli, Percutaneous Endoscopic Approach', 59, 6),
(133, 'Bypass Abdominal Aorta to Right Femoral Artery, Percutaneous Endoscopic Approach', 97, 3),
(134, 'Articulation/Phonology Treatment using Speech Analysis Equipment', 88, 16),
(135, 'Repair Head Muscle, Percutaneous Approach', 91, 9),
(136, 'Dilation of Left Lacrimal Duct with Intraluminal Device, Via Natural or Artificial Opening', 34, 19),
(137, 'Occlusion of Left Subclavian Vein with Intraluminal Device, Percutaneous Endoscopic Approach', 28, 16),
(138, 'Supplement Right Lacrimal Bone with Synthetic Substitute, Percutaneous Approach', 95, 7),
(139, 'Revision of Internal Fixation Device in Left Clavicle, External Approach', 94, 18),
(140, 'Reposition Brachial Plexus, Percutaneous Endoscopic Approach', 37, 12),
(141, 'Division of Left Temporal Bone, Percutaneous Approach', 5, 4),
(142, 'Drainage of Bilateral Spermatic Cords, Percutaneous Approach', 44, 2),
(143, 'Magnetic Resonance Imaging (MRI) of Left Wrist using Other Contrast, Unenhanced and Enhanced', 58, 3),
(144, 'Destruction of Cecum, Percutaneous Endoscopic Approach', 75, 17),
(145, 'Removal of Drainage Device from Right Tympanic Membrane, External Approach', 43, 1),
(146, 'Physical Rehabilitation and Diagnostic Audiology, Rehabilitation, Caregiver Training', 99, 14),
(147, 'Excision of Left Scapula, Percutaneous Approach, Diagnostic', 97, 5),
(148, 'Supplement Stomach, Pylorus with Nonautologous Tissue Substitute, Via Natural or Artificial Opening', 65, 11),
(149, 'Removal of Synthetic Substitute from Head and Neck Subcutaneous Tissue and Fascia, Percutaneous Approach', 42, 17),
(150, 'Bypass Left Internal Iliac Artery to Foot Artery with Autologous Venous Tissue, Open Approach', 30, 9),
(151, 'Removal of Interbody Fusion Device from Cervical Vertebral Joint, Percutaneous Endoscopic Approach', 19, 2),
(152, 'Revision of Drainage Device in Scrotum and Tunica Vaginalis, Open Approach', 28, 14),
(153, 'Insertion of Infusion Device into Left Lower Extremity, Percutaneous Endoscopic Approach', 100, 4),
(154, 'Destruction of Right Carpal, Percutaneous Endoscopic Approach', 37, 15),
(155, 'Bypass Ascending Colon to Ascending Colon with Autologous Tissue Substitute, Via Natural or Artificial Opening Endoscopic', 28, 3),
(156, 'Neuromotor Development Assessment of Neurological System - Lower Back / Lower Extremity', 5, 8),
(157, 'Dilation of Left Common Carotid Artery with Three Drug-eluting Intraluminal Devices, Open Approach', 45, 1),
(158, 'Removal of Synthetic Substitute from Pelvic Cavity, Percutaneous Endoscopic Approach', 1, 15),
(159, 'Drainage of Left Axillary Vein, Percutaneous Endoscopic Approach, Diagnostic', 17, 11),
(160, 'Motor Function Assessment of Neurological System - Upper Back / Upper Extremity', 50, 20),
(161, 'Reposition Left Tympanic Membrane, Via Natural or Artificial Opening Endoscopic', 22, 10),
(162, 'Drainage of Right Lesser Saphenous Vein with Drainage Device, Percutaneous Endoscopic Approach', 78, 2),
(163, 'Excision of Right Hip Muscle, Percutaneous Approach', 83, 5),
(164, 'Replacement of Bilateral External Ear with Nonautologous Tissue Substitute, External Approach', 84, 9),
(165, 'Resection of Bilateral Fallopian Tubes, Via Natural or Artificial Opening', 54, 9),
(166, 'Removal of Autologous Tissue Substitute from Left Eye, Via Natural or Artificial Opening Endoscopic', 76, 17),
(167, 'Drainage of Left Vas Deferens, Open Approach, Diagnostic', 84, 11),
(168, 'Revision of Nonautologous Tissue Substitute in Right Glenoid Cavity, External Approach', 1, 7),
(169, 'Replacement of Right Face Vein with Synthetic Substitute, Open Approach', 7, 16),
(170, 'Replacement of Left Basilic Vein with Autologous Tissue Substitute, Percutaneous Endoscopic Approach', 71, 16),
(171, 'Removal of Infusion Device from Male Perineum, Percutaneous Endoscopic Approach', 86, 14),
(172, 'Reposition Left Tibia with External Fixation Device, Percutaneous Approach', 9, 20),
(173, 'Dilation of Hepatic Artery, Bifurcation, Percutaneous Approach', 3, 7),
(174, 'Release Right Lower Extremity Lymphatic, Percutaneous Approach', 4, 10),
(175, 'Dilation of Right Temporal Artery, Bifurcation, with Drug-eluting Intraluminal Device, Percutaneous Approach', 91, 4),
(176, 'Dilation of Intracranial Artery, Bifurcation, with Four or More Drug-eluting Intraluminal Devices, Open Approach', 48, 4),
(177, 'Removal of Extraluminal Device from Lymphatic, Percutaneous Endoscopic Approach', 51, 2),
(178, 'Removal of Nonautologous Tissue Substitute from Penis, Via Natural or Artificial Opening', 35, 4),
(179, 'Destruction of Minor Salivary Gland, Percutaneous Approach', 91, 14),
(180, 'Bypass Right Ureter to Left Ureter, Percutaneous Endoscopic Approach', 50, 4),
(181, 'Supplement Left Retinal Vessel with Autologous Tissue Substitute, Percutaneous Approach', 77, 12),
(182, 'Supplement Right Radius with Autologous Tissue Substitute, Percutaneous Approach', 18, 18),
(183, 'Change Intermittent Pressure Device on Right Lower Leg', 13, 16),
(184, 'Removal of Radioactive Element from Prostate and Seminal Vesicles, Via Natural or Artificial Opening Endoscopic', 22, 15),
(185, 'Restriction of Right Foot Artery with Intraluminal Device, Percutaneous Endoscopic Approach', 65, 6),
(186, 'Fluoroscopy of Left Pulmonary Artery using High Osmolar Contrast, Laser Intraoperative', 62, 20),
(187, 'Removal of Infusion Device from Stomach, Via Natural or Artificial Opening Endoscopic', 27, 18),
(188, 'Drainage of Left Fibula, Percutaneous Endoscopic Approach', 5, 7),
(189, 'Excision of Left Buttock, Open Approach', 14, 13),
(190, 'Drainage of Right Palatine Bone, Percutaneous Endoscopic Approach, Diagnostic', 85, 5),
(191, 'Alteration of Right Upper Eyelid, Open Approach', 77, 12),
(192, 'Excision of Nasal Turbinate, Percutaneous Approach', 9, 19),
(193, 'Fusion of Right Sternoclavicular Joint with Synthetic Substitute, Open Approach', 10, 7),
(194, 'Computerized Tomography (CT Scan) of Bilateral Pelvic (Iliac) Veins using Other Contrast', 69, 17),
(195, 'Revision of Infusion Device in Face, External Approach', 11, 1),
(196, 'Low Dose Rate (LDR) Brachytherapy of Mouth using Palladium 103 (Pd-103)', 56, 3),
(197, 'Resection of Right Tunica Vaginalis, Percutaneous Endoscopic Approach', 96, 19),
(198, 'Restriction of Right Renal Vein, Percutaneous Approach', 92, 20),
(199, 'Dilation of Esophagus with Intraluminal Device, Via Natural or Artificial Opening Endoscopic', 95, 17),
(200, 'Excision of Left Vas Deferens, Open Approach', 75, 13);

-- --------------------------------------------------------

--
-- Table structure for table `song`
--

CREATE TABLE `song` (
  `song_id` int(11) NOT NULL,
  `song_name` varchar(255) NOT NULL,
  `song_desc` text NOT NULL,
  `song_artist` varchar(255) NOT NULL
) ENGINE=InnoDB DEFAULT CHARSET=utf8mb4;

--
-- Dumping data for table `song`
--

INSERT INTO `song` (`song_id`, `song_name`, `song_desc`, `song_artist`) VALUES
(1, 'Vulture, lappet-faced', 'Release Left Metacarpal, Open Approach', 'Rowan Landrean'),
(2, 'Iguana, land', 'Resection of Scrotum, Open Approach', 'Erroll Erlam'),
(3, 'Lark, horned', 'Bypass Portal Vein to L Renal Vein w Synth Sub, Perc Endo', 'Ignaz Soaper'),
(4, 'Common zebra', 'Revision of Synthetic Substitute in Right Ear, Perc Approach', 'Katusha Boag'),
(5, 'Screamer, crested', 'Revision of Autol Sub in Lum Disc, Perc Approach', 'Francyne Massei'),
(6, 'Wattled crane', 'Dilation of L Com Carotid with 3 Drug-elut, Open Approach', 'Ramsey Sybe'),
(7, 'Lizard, collared', 'Revision of Radioactive Element in Low Back, Extern Approach', 'Vin Godmar'),
(8, 'Dolphin, striped', 'Supplement Right Epididymis with Nonaut Sub, Open Approach', 'Deborah Tosdevin'),
(9, 'Cobra (unidentified)', 'Repair Left Lesser Saphenous Vein, Open Approach', 'Rich Comino'),
(10, 'Hornbill, leadbeateri\'s ground', 'Transfuse Autol Cord Bld Stem Cell in Periph Art, Open', 'Rubina Rickard'),
(11, 'Skimmer, four-spotted', 'Repair Right Internal Jugular Vein, Percutaneous Approach', 'Clio Tolotti'),
(12, 'Eagle, pallas\'s fish', 'CT Scan of L Pulm Vein using H Osm Contrast, Unenh, Enhance', 'Edyth Buckthought'),
(13, 'Margay', 'HDR Brachytherapy of Peripheral Nerve using Palladium 103', 'Genny Donaghy'),
(14, 'Crane, black-crowned', 'Change Drainage Device in Upper Bone, External Approach', 'Pietrek Bolderstone'),
(15, 'African elephant', 'Transfer Radial Nerve to Ulnar Nerve, Perc Endo Approach', 'Marcos Burel'),
(16, 'Skua, long-tailed', 'Occlusion L Up Lobe Bronc w Intralum Dev, Open', 'Shayla Marnane'),
(17, 'Trotter, lily', 'Removal of Synth Sub from R Patella, Perc Approach', 'Aurilia Benito'),
(18, 'Worm snake (unidentified)', 'Insertion of Monitor Dev into Small Intest, Via Opening', 'Chloette Galbreth'),
(19, 'Sheep, american bighorn', 'Replace of Pulm Trunk with Zooplastic, Perc Endo Approach', 'Pierrette Arpe'),
(20, 'Dog, raccoon', 'Supplement Left Breast with Autol Sub, Open Approach', 'Royall Mackrill'),
(21, 'Short-beaked echidna', 'Fluoroscopy of Lumbar Facet Joint(s)', 'Dollie Gather'),
(22, 'Southern right whale', 'Insertion of Infusion Dev into R Temporal Art, Perc Approach', 'Loutitia Doorbar'),
(23, 'Chipmunk, least', 'Release Cerebral Ventricle, Percutaneous Endoscopic Approach', 'Albert Wretham'),
(24, 'Colobus, white-mantled', 'Bypass L Com Iliac Art to B Renal A, Perc Endo Approach', 'Lionello Utting'),
(25, 'Sloth, two-toed tree', 'Destruction of Left External Ear, Perc Endo Approach', 'Lilah Ellick'),
(26, 'Jacana, african', 'Restriction of Middle Esophagus, Percutaneous Approach', 'Layne Maus'),
(27, 'Stilt, black-winged', 'Resection of Pelvis Lymphatic, Open Approach', 'Letitia Dicks'),
(28, 'Northern elephant seal', 'Alteration of Upper Jaw with Autol Sub, Perc Endo Approach', 'Robina Storrier'),
(29, 'Gulls (unidentified)', 'Bypass L Int Iliac Art to B Femor A, Perc Endo Approach', 'Pammy Cracker'),
(30, 'Asian red fox', 'Revise of Synth Sub in Vagina & Cul-de-sac, Extern Approach', 'Hyatt Gouth'),
(31, 'Lizard, mexican beaded', 'Insertion of Infusion Device into R Colic Art, Open Approach', 'Ailyn Keveren'),
(32, 'Crane, sarus', 'Reposition Left Hip Joint, Percutaneous Endoscopic Approach', 'Fabiano Fenty'),
(33, 'Red-shouldered glossy starling', 'Fusion 2-7 T Jt w Nonaut Sub, Post Appr P Col, Perc Endo', 'Legra Yantsev'),
(34, 'Indian star tortoise', 'Revision of Intraluminal Device in Left Ear, Perc Approach', 'George Biaggi'),
(35, 'Little grebe', 'Revision of Diaphragmatic Pacemaker Lead in Diaphragm, Endo', 'Petey Candish'),
(36, 'Eland, common', 'Excision of Ileocecal Valve, Endo, Diagn', 'Fidela McCann'),
(37, 'Southern elephant seal', 'Revision of Nonaut Sub in Cerv Disc, Perc Endo Approach', 'Valma Grombridge'),
(38, 'Magistrate black colobus', 'Supplement L Femoral Region w Synth Sub, Perc Endo', 'Shannon Bunker'),
(39, 'Arctic fox', 'Extirpate matter from L Verteb Art, Bifurc, Perc Endo', 'Delphinia Fitzsymonds'),
(40, 'House sparrow', 'Supplement Innom Art with Autol Sub, Perc Endo Approach', 'Anatol Everiss'),
(41, 'Capuchin, brown', 'Coordination/Dexterity Treatment of Musculosk Up Back/UE', 'Karmen MacGray'),
(42, 'Hoary marmot', 'Release Right Shoulder Tendon, Percutaneous Approach', 'Minni Eyree'),
(43, 'Southern hairy-nosed wombat', 'Monitoring of Arterial Pressure, Pulmonary, Open Approach', 'Janaye Mariel'),
(44, 'Old world fruit bat (unidentified)', 'Excision of R Metacarpophal Jt, Perc Endo Approach, Diagn', 'Osmond Scrivener'),
(45, 'Rhesus macaque', 'Excision of Hard Palate, External Approach', 'Jacintha Taillard'),
(46, 'Northern phalarope', 'Plain Radiography of All Teeth', 'Goldi Farncombe'),
(47, 'White-mantled colobus', 'Bypass R Kidney Pelvis to R Kid Pelv w Synth Sub, Open', 'Geralda Osan'),
(48, 'White-necked raven', 'Dilate R Foot Art, Bifurc, w 3 Intralum Dev, Perc', 'Stavro Chicchelli'),
(49, 'Jackal, black-backed', 'Removal of Autol Sub from R Ear, Perc Approach', 'Conni Applewhite'),
(50, 'Anaconda (unidentified)', 'Excision of Left Axilla, Percutaneous Approach', 'Bil Clapston'),
(51, 'Royal tern', 'Replacement of R Hand Art with Nonaut Sub, Open Approach', 'Guthrie Tewkesbury'),
(52, 'Kongoni', 'Excision of Left Vas Deferens, Perc Endo Approach, Diagn', 'Nonna Chadwyck'),
(53, 'Masked booby', 'Reattachment of Right Middle Lung Lobe, Open Approach', 'Leoine Bowbrick'),
(54, 'Impala', 'Drainage of Left Elbow Joint, Open Approach', 'Berkly Riseborough'),
(55, 'Roadrunner, greater', 'Dilate R Ext Carotid w 4+ Intralum Dev, Perc Endo', 'Dosi Iczokvitz'),
(56, 'European wild cat', 'Replacement of L Foot Skin with Synth Sub, Extern Approach', 'Farand Alred'),
(57, 'Red-tailed wambenger', 'Supplement R Ankle with Synth Sub, Perc Endo Approach', 'Llewellyn Pacheco'),
(58, 'Arctic ground squirrel', 'Beam Radiation of Back Skin using Electrons, Intraoperative', 'Yancy Bohman'),
(59, 'Mocking cliffchat', 'Release Multiple Parathyroid Glands, Perc Endo Approach', 'Christoph Sinson'),
(60, 'Francolin, coqui', 'Removal of Synth Sub from L Metacarpocarp Jt, Open Approach', 'Martie Martin'),
(61, 'Peccary, white-lipped', 'Insertion of Other Device into Left Upper Leg, Perc Approach', 'Emmalee Reckhouse'),
(62, 'Legaan, ground', 'Excision of Left Metacarpocarpal Joint, Perc Approach, Diagn', 'Georges Stairmand'),
(63, 'Gull, lava', 'Dilation of R Hand Art with 4+ Intralum Dev, Open Approach', 'Jerome Andriesse'),
(64, 'Frogmouth, tawny', 'LDR Brachytherapy of Salivary Gland using Iridium 192', 'Davin Valiant'),
(65, 'Capuchin, brown', 'Dilate of L Ext Carotid with 4 Drug-elut, Perc Endo Approach', 'Selie Morrel'),
(66, 'Crimson-breasted shrike', 'Supplement Left Toe Phalanx with Nonaut Sub, Open Approach', 'Marcie Heddon'),
(67, 'African jacana', 'Restrict R Inqnl Lymph w Intralum Dev, Perc Endo', 'Querida De Blase'),
(68, 'Impala', 'Drainage of Glossopharyngeal Nerve, Perc Approach, Diagn', 'Pam Heatly'),
(69, 'Cat, long-tailed spotted', 'Supplement L Sacroiliac Jt with Synth Sub, Perc Approach', 'Dasya Stockdale'),
(70, 'Common brushtail possum', 'Bypass 3 Cor Art from L Int Mammary, Perc Endo Approach', 'Bettye Capstaff'),
(71, 'Gull, pacific', 'Drainage of Abdominal Sympathetic Nerve, Perc Endo Approach', 'Saul Shillan'),
(72, 'Northern phalarope', 'Dilate L Radial Art, Bifurc, w 3 Drug-elut, Open', 'Jillayne Penhall'),
(73, 'Crimson-breasted shrike', 'Extirpation of Matter from Left Lacrimal Duct, Perc Approach', 'Marybelle Kees'),
(74, 'Ringtail', 'Beam Radiation of Brain using Heavy Particles (Protons,Ions)', 'Melisent Latter'),
(75, 'Fox, arctic', 'Supplement Left Elbow Joint with Synth Sub, Open Approach', 'Dar Dunnan'),
(76, 'Galapagos albatross', 'Immobilization of Left Upper Arm using Splint', 'Odette Curado'),
(77, 'Cat, miner\'s', 'Remove Infusion Dev from Scrotum & Tunica, Perc Endo', 'Jehanna Gilbody'),
(78, 'American bighorn sheep', 'Supplement L Popl Art with Synth Sub, Perc Endo Approach', 'Thaddus Glasner'),
(79, 'Eastern diamondback rattlesnake', 'Removal of Cast on Right Lower Arm', 'Fan Kingzett'),
(80, 'Squirrel, smith\'s bush', 'Replacement of Mitral Valve with Synth Sub, Perc Approach', 'Victoir Blyde'),
(81, 'Numbat', 'Destruction of Buttock Skin, Multiple, External Approach', 'Dorene Dance'),
(82, 'Eastern quoll', 'Skin and Breast, Revision', 'Winthrop Samet'),
(83, 'Gull, pacific', 'Drainage of Vagina, Percutaneous Endoscopic Approach', 'Rhodie Ludwikiewicz'),
(84, 'Fox, arctic', 'Drainage of R Ant Tib Art, Perc Approach, Diagn', 'Claretta Natwick'),
(85, 'Mongoose, yellow', 'Supplement Optic Nerve with Autol Sub, Perc Approach', 'Carey Mackrell'),
(86, 'Duck, comb', 'Dilate L Thyroid Art, Bifurc, w Drug-elut Intra, Perc Endo', 'Lura Enefer'),
(87, 'Blackish oystercatcher', 'Excision of Trochlear Nerve, Open Approach, Diagnostic', 'Jobyna Bowich'),
(88, 'Devil, tasmanian', 'Dilate Innom Art, Bifurc, w 4+ Intralum Dev, Perc Endo', 'Merrilee Vedeneev'),
(89, 'Giant heron', 'Removal of Synth Sub from Thor Disc, Perc Approach', 'Malissia Ashmore'),
(90, 'Red phalarope', 'Revision of Synth Sub in L Metacarpal, Open Approach', 'Grace Ivanov'),
(91, 'Greater kudu', 'Dilation of Azygos Vein, Open Approach', 'Dniren Priddle'),
(92, 'Greater rhea', 'Reposition Phrenic Nerve, Percutaneous Approach', 'Mose Poone'),
(93, 'Kookaburra, laughing', 'Drainage of Inferior Mesenteric Artery, Perc Endo Approach', 'Chaunce Brunstan'),
(94, 'Raccoon, crab-eating', 'Occlusion of Aortic Lymphatic, Perc Endo Approach', 'Stanislas Trenaman'),
(95, 'Yellow-billed stork', 'Restrict L Femor Vein w Extralum Dev, Perc Endo', 'Walden Chate'),
(96, 'Squirrel, antelope ground', 'Destruction of Right Temporomandibular Joint, Perc Approach', 'Basia McGookin'),
(97, 'Common brushtail possum', 'Release Right Kidney, Via Natural or Artificial Opening', 'Rooney Groneway'),
(98, 'South American meadowlark (unidentified)', 'Insertion of Hybrid Ext Fix into R Up Femur, Perc Approach', 'Gianni Burlay'),
(99, 'Swallow-tail gull', 'Drainage of Portal Vein with Drainage Device, Perc Approach', 'Myrilla Bauldry'),
(100, 'Tasmanian devil', 'Revision of Autol Sub in L Up Extrem, Open Approach', 'Shem Roll'),
(101, 'Roe deer', 'Drainage of Intracran Art with Drain Dev, Perc Approach', 'Cherye Doy'),
(102, 'Baboon, savanna', 'Release Left Hand Vein, Open Approach', 'Fay Reinbeck'),
(103, 'Bobcat', 'Removal of Brace on Right Lower Extremity', 'Bianka Calender'),
(104, 'North American river otter', 'Revision of Radioact Elem in Low Jaw, Perc Endo Approach', 'Artemis Compford'),
(105, 'Nutcracker, clark\'s', 'Release Left Lesser Saphenous Vein, Percutaneous Approach', 'Karine Pinn'),
(106, 'Crane, black-crowned', 'Occlusion R Int Carotid w Bioact Intralum, Perc', 'Irena Bowie'),
(107, 'Bontebok', 'Beam Radiation of Pelvis Lymphatics using Heavy Particles', 'Bessie Medhurst'),
(108, 'Common long-nosed armadillo', 'Extirpation of Matter from L Sperm Cord, Open Approach', 'Gracia Benedicte'),
(109, 'Great skua', 'Occlusion of Right Vertebral Vein, Perc Endo Approach', 'Abbie Cancott'),
(110, 'Crane, black-crowned', 'Inspection of Heart, Percutaneous Approach', 'Marie McGrail'),
(111, 'Common ringtail', 'Repair Abdomen Subcutaneous Tissue and Fascia, Open Approach', 'Oralle Pinel'),
(112, 'Burmese black mountain tortoise', 'Drainage of Left Scapula with Drainage Device, Open Approach', 'Aloise Shimon'),
(113, 'Duck, blue', 'Transfuse Nonaut Red Blood Cells in Central Vein, Perc', 'Clemmie Badham'),
(114, 'African wild cat', 'Fluoroscopy of Right Clavicle', 'Clementia Beekman'),
(115, 'American beaver', 'Revise Contracep Dev in Uterus & Cervix, Perc Endo', 'Tabb Paolone'),
(116, 'Echidna, short-beaked', 'Occlusion of Right Fallopian Tube, Perc Endo Approach', 'Catharina Barniss'),
(117, 'Mongoose, small indian', 'Drainage of R Tunica Vaginalis, Perc Endo Approach, Diagn', 'Glenn Ambage'),
(118, 'Red-necked phalarope', 'Removal of Drain Dev from Trunk Subcu/Fascia, Open Approach', 'Micaela Aldersley'),
(119, 'Stork, marabou', 'Alteration of Left Axilla with Nonaut Sub, Perc Approach', 'Midge Gatchell'),
(120, 'King cormorant', 'Dilation of L Renal Art with Drug-elut Intra, Open Approach', 'Kendrick Ragbourne'),
(121, 'Purple grenadier', 'Reattachment of Left Lung, Open Approach', 'Romola Anshell'),
(122, 'Common goldeneye', 'Drainage of Bladder, Open Approach', 'Katalin Nano'),
(123, 'Monitor, water', 'Supplement Esophageal Vein with Nonaut Sub, Open Approach', 'Georgette McIlwraith'),
(124, 'Australian spiny anteater', 'Removal of Autol Sub from Up Art, Perc Approach', 'Kala Wellstead'),
(125, 'Flicker, field', 'Division of Left Trunk Muscle, Open Approach', 'Nicolina Bispo'),
(126, 'Indian peacock', 'Fluoroscopy of Larynx using Other Contrast', 'Tarra Blewett'),
(127, 'Black-crowned night heron', 'Excision of Face Skin, External Approach, Diagnostic', 'Ingeborg McCurtin'),
(128, 'Ring-necked pheasant', 'Transfer Abducens Nerve to Oculomotor N, Perc Endo Approach', 'Kelley Barns'),
(129, 'Phascogale, brush-tailed', 'Destruction of Middle Esophagus, Via Opening', 'Marice Lune'),
(130, 'Egyptian vulture', 'Reposition Left Finger Phalanx, External Approach', 'Lisha Hans'),
(131, 'Black-necked stork', 'Restrict Inf Mesent Vein w Intralum Dev, Perc Endo', 'Charline Adcocks'),
(132, 'Barbet, black-collared', 'Repair Thyroid Gland Isthmus, Open Approach', 'Silva Shirer'),
(133, 'Monkey, vervet', 'Occlusion of R Int Carotid with Intralum Dev, Open Approach', 'Suellen Gravells'),
(134, 'Ostrich', 'Reposition Right Metatarsal-Phalangeal Joint, Open Approach', 'Jacinta Bultitude'),
(135, 'Lion, california sea', 'Dilate R Com Carotid, Bifurc, w 4 Drug-elut, Open', 'Wilmar Provis'),
(136, 'Sheep, stone', 'Planar Nucl Med Imag Up Extrem Lymph w Oth Radionuclide', 'Mahala McKeller'),
(137, 'Beaver, eurasian', 'Occlusion of Thoracic Duct, Percutaneous Approach', 'Isobel Palfreman'),
(138, 'Woodchuck', 'Excision of Thoracic Nerve, Open Approach', 'Madelin Gherardelli'),
(139, 'Paradoxure', 'Reposition Left Tarsal Joint, Open Approach', 'Mikel Dunbabin'),
(140, 'Snowy sheathbill', 'Drainage of Left Hip Muscle, Percutaneous Approach', 'Erskine Streather'),
(141, 'Sunbird, lesser double-collared', 'Introduction of Nutritional into Low GI, Perc Approach', 'Bibby Eskrigge'),
(142, 'Rat, white-faced tree', 'Destruction of Right Diaphragm, Perc Endo Approach', 'Gwennie Chapelhow'),
(143, 'Common wombat', 'Insertion of Neuro Lead into Cranial Nrv, Perc Endo Approach', 'Peirce Borley'),
(144, 'Fox, grey', 'Drainage of L Abd Tendon with Drain Dev, Perc Endo Approach', 'Virginia Saurat'),
(145, 'Dolphin, striped', 'Measurement of Cardiac Rate, External Approach', 'Skipp Boffin'),
(146, 'Large cormorant', 'Excision of Right Carpal Joint, Open Approach', 'Amble Lotze'),
(147, 'Seal, common', 'Removal of Radioactive Element from R Lung, Perc Approach', 'Gwenny Greenough'),
(148, 'Crane, blue', 'Supplement R Up Leg Subcu/Fascia w Nonaut Sub, Perc', 'Sterne Clinnick'),
(149, 'Deer, swamp', 'Remove Autol Sub from L Acromioclav Jt, Perc Endo', 'Grayce Rowcliffe'),
(150, 'Dama wallaby', 'Resection of Right Lung, Open Approach', 'Denny Clee'),
(151, 'Brazilian tapir', 'Reposition Left Upper Arm Muscle, Perc Endo Approach', 'Rob Simmill'),
(152, 'Wallaby, red-necked', 'Drainage of Male Perineum, Percutaneous Endoscopic Approach', 'Aggy Greenhouse'),
(153, 'Rhea, gray', 'Inspection of Lower Tendon, External Approach', 'Jozef Camis'),
(154, 'Black-fronted bulbul', 'Dilation of Lower Artery with Drug-elut Intra, Perc Approach', 'Pru Rantoul'),
(155, 'Kangaroo, red', 'Replacement of L Low Femur with Nonaut Sub, Open Approach', 'Antonella Helbeck'),
(156, 'Weaver, lesser masked', 'Destruction of Left Ulna, Percutaneous Endoscopic Approach', 'Giulia Speechly'),
(157, 'Wallaby, tammar', 'Removal of Bandage on Left Finger', 'Dian Keppe'),
(158, 'Downy woodpecker', 'Occlusion of Left Internal Jugular Vein, Perc Endo Approach', 'Ginger Summerlee'),
(159, 'Pied avocet', 'CT Scan Bi Salivary Gland w L Osm Contrast, Unenh, Enhance', 'Alexi Wilshire'),
(160, 'Bandicoot, short-nosed', 'Inspection of Vagina and Cul-de-sac, External Approach', 'Donielle Clilverd'),
(161, 'Black-tailed prairie dog', 'Repair Neck, Stoma, External Approach', 'Liv Siberry'),
(162, 'Steller sea lion', 'Resection of Ileum, Endo', 'Jayne Hache'),
(163, 'Impala', 'Bypass L Int Iliac Art to R Int Ilia w Autol Art, Open', 'Caren Aubri'),
(164, 'Bat, madagascar fruit', 'Revision of Infusion Device in Upper Back, Perc Approach', 'Reginald Dametti'),
(165, 'Bush dog', 'Reposition L Metacarpocarp Jt with Int Fix, Perc Approach', 'Vyky Gibben'),
(166, 'Hornbill, red-billed', 'Bypass Left Femoral Artery to Low Ex Art, Open Approach', 'Derrick Duncanson'),
(167, 'Colobus, magistrate black', 'Revision of Int Fix in L Pelvic Bone, Perc Approach', 'Cassandry Shyres'),
(168, 'Baleen whale', 'Drainage of Right Elbow Joint, Percutaneous Approach, Diagn', 'Pren Upton'),
(169, 'Clark\'s nutcracker', 'Drainage of Hard Palate with Drainage Device, Open Approach', 'Colver Waddicor'),
(170, 'Worm snake (unidentified)', 'Dilate L Int Carotid, Bifurc, w 2 Intralum Dev, Perc', 'Leanor Ferrer'),
(171, 'Western patch-nosed snake', 'Bypass R Ventricle to R Pulm Art w Nonaut Sub, Open', 'Eduino Gaymar'),
(172, 'Baboon, chacma', 'Bypass R Radial Art to R Low Arm Art w Autol Vn, Open', 'Johannes Sodor'),
(173, 'Hawk, red-tailed', 'Plain Radiography of Left Hip using Other Contrast', 'Nial Boag'),
(174, 'Ground monitor (unidentified)', 'Removal of Monitor Dev from Low Intest Tract, Via Opening', 'Nestor Trace'),
(175, 'Greater roadrunner', 'Revision of Nonaut Sub in L Metatarsal, Extern Approach', 'Imojean Auchinleck'),
(176, 'Small Indian mongoose', 'Supplement R Axilla Art with Autol Sub, Perc Approach', 'Betsey Hinder'),
(177, 'Waterbuck, defassa', 'Bypass Ileum to Desc Colon w Autol Sub, Perc Endo', 'Skelly Donaho'),
(178, 'Eastern indigo snake', 'Bypass Left Ureter to Cutan with Synth Sub, Open Approach', 'Trenna Schulke'),
(179, 'Colobus, black and white', 'Grooming/Personal Hygiene Treatment using Prosthesis', 'Craig Rowston'),
(180, 'Mountain goat', 'Extirpation of Matter from Bilateral Breast, Via Opening', 'Samantha Pearmain'),
(181, 'Nighthawk, common', 'Occlusion of Left Fallopian Tube, Via Opening', 'Eric Scotsbrook'),
(182, 'Southern boubou', 'Drainage of R Tympanic Membrane, Perc Endo Approach, Diagn', 'Hildy Merricks'),
(183, 'Tortoise, galapagos', 'Extirpation of Matter from Left Breast, Open Approach', 'Kenn Ofield'),
(184, 'Dragon, frilled', 'Introduction of Oxazolidinones into POC, Perc Approach', 'Kattie Subhan'),
(185, 'Springbok', 'Restrict of R Mid Lobe Bronc with Intralum Dev, Via Opening', 'Marris Hardiman'),
(186, 'Dassie', 'Drainage of Right Femoral Region, Perc Endo Approach', 'Prince Grgic'),
(187, 'Pelican, eastern white', 'Dilation of Left Radial Artery, Perc Endo Approach', 'Liliane Croce'),
(188, 'Asian openbill', 'Extraction of Vertebral Bone Marrow, Open Approach, Diagn', 'Warde Ellingsworth'),
(189, 'Phalarope, grey', 'Chiropractic Manipulation Cervical Region, Direct Visceral', 'Jedd Maier'),
(190, 'Fowl, helmeted guinea', 'Fragmentation in Accessory Pancreatic Duct, Open Approach', 'Dita Latey'),
(191, 'Timber wolf', 'Repair Thoracic Vertebral Disc, Open Approach', 'Garrard Vurley'),
(192, 'Cormorant, pied', 'Reposition Left Finger Phalangeal Joint, Perc Approach', 'Antoine Burwood'),
(193, 'Lion, african', 'Excision of Right Foot Bursa and Ligament, Perc Approach', 'Zacharias Capon'),
(194, 'Cormorant, javanese', 'Destruction of Mult Parathyroid, Perc Endo Approach', 'Gradeigh Aistrop'),
(195, 'Ground monitor (unidentified)', 'Revision of Int Fix in Skull, Extern Approach', 'Sullivan Ryal'),
(196, 'Crane, sarus', 'Drainage of Common Bile Duct with Drain Dev, Open Approach', 'Ruthy Flipsen'),
(197, 'Dark-winged trumpeter', 'Bypass 4+ Cor Art from Cor Art w Autol Vn, Perc Endo', 'Aguste Iffland'),
(198, 'Dove, little brown', 'Bypass Abd Aorta to B Renal A w Nonaut Sub, Perc Endo', 'Annabal Tixall'),
(199, 'Crested bunting', 'Drainage of R Axilla Art with Drain Dev, Perc Approach', 'Atlanta Litzmann'),
(200, 'Duiker, gray', 'Reposition Hepatic Vein, Percutaneous Endoscopic Approach', 'Jobey Pourvoieur'),
(201, 'Jungle cat', 'Packing of Left Lower Extremity using Packing Material', 'Johannes Agron'),
(202, 'Kingfisher, pied', 'Supplement Right Hip Joint with Nonaut Sub, Open Approach', 'Zaria Geockle'),
(203, 'Southern screamer', 'Resection of Clitoris, External Approach', 'Nickola Stanlike'),
(204, 'Miner\'s cat', 'Drainage of R Pleural Cav with Drain Dev, Open Approach', 'Jennee Glusby'),
(205, 'Gazelle, grant\'s', 'Drainage of Head and Neck Bursa and Ligament, Open Approach', 'Celestyn Duiged'),
(206, 'Beaver, european', 'Fragmentation in Pericardium, Open Approach', 'Svend Yeldham'),
(207, 'Raccoon, crab-eating', 'Bypass R Int Iliac Art to B Int Ilia, Perc Endo Approach', 'Hyatt Bairstow'),
(208, 'Python (unidentified)', 'Drainage of Right Orbit with Drainage Device, Perc Approach', 'Bary Vardon'),
(209, 'Ground monitor (unidentified)', 'Replacement of Left Carpal with Synth Sub, Open Approach', 'Eula Vero'),
(210, 'Pie, rufous tree', 'Drainage of Right Face Vein with Drain Dev, Open Approach', 'Beatrix Snelman'),
(211, 'Wolf, mexican', 'Introduce Monoclonal Antibody in Central Vein, Open', 'Stearne Chaddock'),
(212, 'Egret, cattle', 'Reposition Left Radius, Percutaneous Approach', 'Chantal Dimont'),
(213, 'Kafue flats lechwe', 'Revision of Infusion Device in Great Vessel, Extern Approach', 'Belvia Records'),
(214, 'North American porcupine', 'Change Splint on Right Lower Leg', 'My Hanscombe'),
(215, 'Sarus crane', 'Repair Anus, Percutaneous Approach', 'Salvidor Pinckney'),
(216, 'White-fronted capuchin', 'Dilate of Gastric Art with Intralum Dev, Perc Endo Approach', 'Bary Pacheco'),
(217, 'Indian star tortoise', 'Revision of Ext Fix in R Tibia, Perc Endo Approach', 'Waldemar Tillman'),
(218, 'Wallaby, river', 'Inspection of Nasal Bone, Percutaneous Endoscopic Approach', 'Kaleena Beaston'),
(219, 'Whale, long-finned pilot', 'Reposition Left Innominate Vein, Perc Endo Approach', 'Kylie Feehely'),
(220, 'Sungazer, yellow-brown', 'Release Right External Auditory Canal, Open Approach', 'Allen Appleton'),
(221, 'Masked booby', 'Repair Right Lower Femur, Percutaneous Approach', 'Elinor Crumpe'),
(222, 'Bear, sloth', 'Resection of R Up Extrem Bursa/Lig, Perc Endo Approach', 'Donelle Yard'),
(223, 'African buffalo', 'Supplement Urethra with Autol Sub, Via Opening', 'Jae Leagas'),
(224, 'Crab (unidentified)', 'Beam Radiation of Rib(s) using Photons >10 MeV', 'Roman Rogier'),
(225, 'White-faced whistling duck', 'Occlusion Up Esophag w Intralum Dev, Perc Endo', 'Paulette Minthorpe'),
(226, 'Albatross, waved', 'Remove Synth Sub from Up Extrem Subcu/Fascia, Open', 'Garnet Simionescu'),
(227, 'Coot, red-knobbed', 'Extirpate of Matter from R Sphenoid Bone, Perc Endo Approach', 'Harwilll Talman'),
(228, 'Porcupine, crested', 'Revision of Ext Fix in L Hip Jt, Perc Endo Approach', 'Axel Du Pre'),
(229, 'Steller\'s sea lion', 'Replace L Hip Jt w Metal on Poly, Cement, Open', 'Octavia Huws'),
(230, 'Prehensile-tailed porcupine', 'Excision of Left Lower Lobe Bronchus, Via Opening', 'Benson Neubigging'),
(231, 'Peccary, collared', 'Drainage of Olfactory Nerve, Perc Endo Approach', 'Sloane Hurne'),
(232, 'Striped dolphin', 'Removal of Drain Dev from L Toe Phalanx Jt, Perc Approach', 'Seline Jorger'),
(233, 'Savanna baboon', 'Revision of Int Fix in R Sacroiliac Jt, Perc Endo Approach', 'D\'arcy Swepstone'),
(234, 'Lory, rainbow', 'Transfuse of Autol Globulin into Periph Vein, Perc Approach', 'Elsey Porter'),
(235, 'Stork, yellow-billed', 'Beam Radiation of Mandible using Photons 1 - 10 MeV', 'Delila Picford'),
(236, 'Agama lizard (unidentified)', 'Repair Right Common Iliac Vein, Perc Endo Approach', 'Weber Bachs'),
(237, 'Coot, red-knobbed', 'Drainage of R Diaphragm with Drain Dev, Perc Endo Approach', 'Lydia Pedlingham'),
(238, 'Raven, white-necked', 'Alteration of R Axilla with Synth Sub, Perc Endo Approach', 'Kat Ewart'),
(239, 'Japanese macaque', 'Dilation of L Verteb Art with 2 Intralum Dev, Open Approach', 'Kizzie Spencer'),
(240, 'Capuchin, white-fronted', 'Insertion of Infusion Dev into Fem Perineum, Open Approach', 'Jasmine Chasney'),
(241, 'Snowy sheathbill', 'Motor Functn Trmt Integu Low Back/LE w Assist Equip', 'Robert MacTeague'),
(242, 'Chuckwalla', 'Remove Radioact Elem from Vagina & Cul-de-sac, Perc Endo', 'Kissie Trunks'),
(243, 'Warthog', 'Contact Radiation of Back Skin', 'Sherrie Giblett'),
(244, 'Peacock, indian', 'Therapeutic Exercise Treatment of Circ Body', 'Peter Tomala'),
(245, 'Viper, egyptian', 'Repair Thorax Lymphatic, Percutaneous Endoscopic Approach', 'Phillida Learned'),
(246, 'Green-winged macaw', 'Excision of Facial Nerve, Percutaneous Endoscopic Approach', 'Hersh Wherrett'),
(247, 'Turkey vulture', 'Irrigate Skin/Mucous Mem w Irrigat, Perc, Diagn', 'Royce Webberley'),
(248, 'Bird, red-billed tropic', 'Destruction of Tongue/Palate/Phar Muscle, Perc Endo Approach', 'Adolpho Springett'),
(249, 'Blue-breasted cordon bleu', 'Revision of Synth Sub in R Knee Jt, Femoral, Perc Approach', 'Ellery Inold'),
(250, 'Common long-nosed armadillo', 'Repair Mesentery, Open Approach', 'Berty Harpin'),
(251, 'Galapagos penguin', 'Supplement Ascending Colon with Nonaut Sub, Open Approach', 'Ky Goody'),
(252, 'South American puma', 'Drainage of Low Tooth with Drain Dev, Extern Approach, Sing', 'Sylas Mucci'),
(253, 'Partridge, coqui', 'Inspection of Gallbladder, External Approach', 'Maynord Timberlake'),
(254, 'Rattlesnake, dusky', 'Release Descending Colon, Endo', 'Farlie Sobey'),
(255, 'Monkey, rhesus', 'MRI of L Ankle using Oth Contrast, Unenh, Enhance', 'Cleve Wallworth'),
(256, 'Dove, galapagos', 'Reposition Right Fibula with Int Fix, Perc Endo Approach', 'Gearard Studeart'),
(257, 'Southern screamer', 'Bypass Abdominal Aorta to R Com Ilia, Perc Endo Approach', 'Rafa Dearnaley'),
(258, 'Radiated tortoise', 'Transfer L Low Leg Muscle with Subcu, Perc Endo Approach', 'Natalya O\'Grady'),
(259, 'Topi', 'Removal of Int Fix from R Up Femur, Perc Endo Approach', 'Dinah Strowther'),
(260, 'South American meadowlark (unidentified)', 'Removal of Extraluminal Device from Trachea, Perc Approach', 'Kirk O\'Breen'),
(261, 'Egyptian goose', 'Replace of R Verteb Art with Autol Sub, Perc Endo Approach', 'Hervey Lindenman'),
(262, 'Black curlew', 'Resection of Small Intestine, Via Opening', 'Maggi Rodders'),
(263, 'Golden-mantled ground squirrel', 'Measurement of POC, Cardiac Sound, Extern Approach', 'Auberta Hatherell'),
(264, 'Lion, southern sea', 'Insertion of Infusion Dev into Abd Wall, Perc Endo Approach', 'Dickie Wickersham'),
(265, 'Blue fox', 'Immobilization of Face using Splint', 'Aylmar Van der Velde'),
(266, 'Richardson\'s ground squirrel', 'Bypass R Com Iliac Art to L Com Ilia w Synth Sub, Open', 'Amalee Mila'),
(267, 'Lesser mouse lemur', 'Revision of Nonaut Sub in R Shoulder Jt, Perc Approach', 'Wilow Mein'),
(268, 'Egyptian goose', 'Revision of Infusion Device in Pancreat Duct, Perc Approach', 'Everard Terney'),
(269, 'Lizard, mexican beaded', 'Bypass Ileum to Rectum with Nonaut Sub, Endo', 'Edithe Revening'),
(270, 'Goose, andean', 'Drainage of Right Femoral Artery, Perc Endo Approach', 'Adolpho Coghlan'),
(271, 'Raccoon, common', 'Excision of Right Ankle Region, Open Approach, Diagnostic', 'Belinda Waszkiewicz'),
(272, 'Four-horned antelope', 'Revision of Infusion Device in Vas Deferens, Extern Approach', 'Bailey Pullan'),
(273, 'Heron, gray', 'Extirpation of Matter from R Hip Jt, Perc Endo Approach', 'Elmore Itzig'),
(274, 'Eagle, golden', 'Reposition Right Radius, Percutaneous Approach', 'Rosalia Burde'),
(275, 'Nelson ground squirrel', 'Replacement of R Humeral Shaft with Synth Sub, Open Approach', 'Elbertina Piggrem'),
(276, 'Praying mantis (unidentified)', 'Insertion of Infusion Device into Upper Vein, Open Approach', 'Rowena Gwatkins'),
(277, 'Azara\'s zorro', 'Excision of Left Lower Femur, Open Approach', 'Howie Bedome'),
(278, 'American buffalo', 'Occlusion Inf Mesent Vein w Extralum Dev, Open', 'Enrika McConaghy'),
(279, 'Gonolek, burchell\'s', 'Extirpation of Matter from L Knee Tendon, Perc Endo Approach', 'Humfried Serginson'),
(280, 'Stone sheep', 'Dilate L Ulnar Art, Bifurc, w Drug-elut Intra, Perc Endo', 'Clerkclaude Casaccio'),
(281, 'Secretary bird', 'Excision of Head, External Approach', 'Elvyn Gioan'),
(282, 'Galapagos hawk', 'Resection of Bilateral Spermatic Cords, Open Approach', 'Marci Scouse'),
(283, 'Asian red fox', 'Dilation of R Brach Art with 3 Drug-elut, Open Approach', 'Mead Goggan'),
(284, 'Orca', 'Bypass Bi Ureter to Colocutan w Nonaut Sub, Perc Endo', 'Clyde Roskeilly'),
(285, 'Rhea, common', 'Dilation of Cecum, Open Approach', 'Amabel Cabane'),
(286, 'Sheep, red', 'Plain Radiography of Bi Up Extrem Lymph using H Osm Contrast', 'Tynan Jorat'),
(287, 'Waved albatross', 'Dilate Splenic Art, Bifurc, w 2 Drug-elut, Open', 'Garnette Longlands'),
(288, 'Cereopsis goose', 'Repair Right Colic Artery, Open Approach', 'Chev Beaument'),
(289, 'Bushbuck', 'Extirpate matter from Abd Aorta, Bifurc, Perc Endo', 'Ikey Gurery'),
(290, 'Gull, kelp', 'Supplement Right Nipple with Nonaut Sub, Perc Approach', 'Marylee Naris'),
(291, 'Tree porcupine', 'Revise Infusion Dev in Epididymis/Sperm Cord, Extern', 'Zane Dobbson'),
(292, 'Badger, european', 'Revision of Autol Sub in L Toe Phalanx, Perc Endo Approach', 'Mendie Studeart'),
(293, 'Fox, pampa gray', 'Comm/Cognit Skill Treatment of Neuro Body using AV Equipment', 'Guinevere Kleinstein'),
(294, 'Bandicoot, long-nosed', 'Reposition R Femur Shaft w Monopln Ext Fix, Perc Endo', 'Shannon MacColl'),
(295, 'Pie, rufous tree', 'Hyperthermia of Nose', 'Frannie Fussen'),
(296, 'Hummingbird (unidentified)', 'Dilate Intracran Art, Bifurc, w 3 Intralum Dev, Perc', 'Noami Bryde'),
(297, 'Seal, northern elephant', 'Revision of Autol Sub in R Metacarpocarp Jt, Perc Approach', 'Tillie Osmint'),
(298, 'Eastern box turtle', 'Bypass 2 Cor Art from Thor Art w Synth Sub, Perc Endo', 'Mariann Groll'),
(299, 'Tayra', 'Dilation of R Up Lobe Bronc with Intralum Dev, Via Opening', 'Diahann Torns'),
(300, 'Magpie, australian', 'Supplement R Ankle with Nonaut Sub, Perc Endo Approach', 'Hirsch Cobbold');

-- --------------------------------------------------------

--
-- Table structure for table `user`
--

CREATE TABLE `user` (
  `user_id` int(11) NOT NULL,
  `username` varchar(255) NOT NULL,
  `password` varchar(255) NOT NULL,
  `first_name` varchar(255) NOT NULL,
  `last_name` varchar(255) NOT NULL,
  `email` varchar(255) NOT NULL
) ENGINE=InnoDB DEFAULT CHARSET=utf8mb4;

--
-- Dumping data for table `user`
--

INSERT INTO `user` (`user_id`, `username`, `password`, `first_name`, `last_name`, `email`) VALUES
(1, 'dmullineux0', 'XuYjNMKfx3', 'Donelle', 'Mullineux', 'dmullineux0@prnewswire.com'),
(2, 'nsieve1', 'hQYoYhBRm5', 'Nadine', 'Sieve', 'nsieve1@ftc.gov'),
(3, 'tgeorgeon2', 'uD0p3b', 'Trstram', 'Georgeon', 'tgeorgeon2@psu.edu'),
(4, 'kscala3', 'eviMdxVZy', 'Kari', 'Scala', 'kscala3@sourceforge.net'),
(5, 'bklimko4', '8o6BrYm9', 'Berri', 'Klimko', 'bklimko4@mac.com'),
(6, 'ghappel5', '1vHt6fuXY4', 'Graeme', 'Happel', 'ghappel5@un.org'),
(7, 'tcrunkhorn6', '3xof9GKqVrh', 'Torre', 'Crunkhorn', 'tcrunkhorn6@whitehouse.gov'),
(8, 'ayerrell7', 'oAjLRvzU4vM', 'Amelina', 'Yerrell', 'ayerrell7@upenn.edu'),
(9, 'lilchuk8', 'Dd2bq8W', 'Leandra', 'Ilchuk', 'lilchuk8@symantec.com'),
(10, 'efliege9', '4KzoB4F8KiLV', 'Edgardo', 'Fliege', 'efliege9@bing.com'),
(11, 'ehandlina', '00Xn0k6', 'Evy', 'Handlin', 'ehandlina@disqus.com'),
(12, 'tdifranceshcib', 'oeGUG7bv', 'Tanitansy', 'Di Franceshci', 'tdifranceshcib@hao123.com'),
(13, 'sforthc', 'YnvDFt', 'Shell', 'Forth', 'sforthc@fda.gov'),
(14, 'eadamekd', 'RmNJ61Vl9qN', 'Edsel', 'Adamek', 'eadamekd@ask.com'),
(15, 'dspataroe', 'vD50Xh', 'Deana', 'Spataro', 'dspataroe@canalblog.com'),
(16, 'jsigertf', '0etwxzqm8nGK', 'Jayme', 'Sigert', 'jsigertf@gmpg.org'),
(17, 'bnokeg', 'HuL28U', 'Bendicty', 'Noke', 'bnokeg@dyndns.org'),
(18, 'adassindaleh', 'nZWpkVLK6yKC', 'Abey', 'Dassindale', 'adassindaleh@army.mil'),
(19, 'obelchampi', 'ljYpUS2fa', 'Ogden', 'Belchamp', 'obelchampi@i2i.jp'),
(20, 'zmaiorj', 'fZsSuASTL', 'Zelda', 'Maior', 'zmaiorj@fda.gov');

-- --------------------------------------------------------

--
-- Table structure for table `vinyl`
--

CREATE TABLE `vinyl` (
  `vinyl_id` int(11) NOT NULL,
  `vinyl_name` varchar(255) NOT NULL,
  `vinyl_desc` text NOT NULL,
  `image_id` int(11) NOT NULL
) ENGINE=InnoDB DEFAULT CHARSET=utf8mb4;

--
-- Dumping data for table `vinyl`
--

INSERT INTO `vinyl` (`vinyl_id`, `vinyl_name`, `vinyl_desc`, `image_id`) VALUES
(1, 'first_vinyl', 'no description', 200),
(2, 'Fairy penguin', 'Dilate R Peroneal Art, Bifurc, w 3 Intralum Dev, Perc Endo', 345),
(3, 'Dog, bush', 'Alteration of Left Knee Region, Open Approach', 2),
(4, 'Bird, magnificent frigate', 'Bypass R Fallopian Tube to R Fallop w Synth Sub, Open', 895),
(5, 'Dragon, netted rock', 'Supplement Left Axilla with Autol Sub, Perc Endo Approach', 535),
(6, 'Tyrant flycatcher', 'Restriction of Innom Art with Extralum Dev, Perc Approach', 215),
(7, 'North American beaver', 'Occlusion of Lingula Bronc with Intralum Dev, Perc Approach', 496),
(8, 'Woodcock, american', 'Revision of Autol Sub in Nose, Extern Approach', 858),
(9, 'Mudskipper (unidentified)', 'MRI of Low Extrem Tendon using Oth Contrast, Unenh, Enhance', 846),
(10, 'Gull, herring', 'Revision of Nonaut Sub in R Eye, Perc Approach', 640),
(11, 'South African hedgehog', 'CT Scan of R Hip using H Osm Contrast', 753),
(12, 'Red-billed buffalo weaver', 'Revise Synth Sub in L Finger Phalanx Jt, Perc Endo', 818),
(13, 'Whip-tailed wallaby', 'Supplement Left Epididymis with Autol Sub, Open Approach', 185),
(14, 'Dove, ring', 'Bypass Abd Aorta to R Femor A w Autol Vn, Perc Endo', 890),
(15, 'White-fronted bee-eater', 'Insertion of Neuro Lead into Cereb Vent, Perc Approach', 490),
(16, 'Gray langur', 'Remove Drain Dev from R Metatarsotars Jt, Perc Endo', 64),
(17, 'Wallaby, river', 'Reposition Left Maxilla, Open Approach', 642),
(18, 'Kangaroo, eastern grey', 'Introduce of Low dose IL-2 into Central Art, Perc Approach', 258),
(19, 'Glossy starling (unidentified)', 'Dilation of L Ext Iliac Art with 4 Drug-elut, Open Approach', 639),
(20, 'Rhinoceros, square-lipped', 'Resection of Tonsils, External Approach', 359),
(21, 'Grouse, sage', 'Reposition L Shoulder Bursa/Lig, Perc Endo Approach', 879),
(22, 'Cormorant, large', 'Release Left Abdomen Muscle, External Approach', 475),
(23, 'Southern screamer', 'Drainage of Lumsac Disc with Drain Dev, Perc Endo Approach', 407),
(24, 'Gray rhea', 'Excision of Right Upper Lobe Bronchus, Perc Approach, Diagn', 531),
(25, 'Yellow-rumped siskin', 'Replacement of Right Vocal Cord with Autol Sub, Endo', 263),
(26, 'Leadbeateri\'s ground hornbill', 'Replace R Low Leg Subcu/Fascia w Nonaut Sub, Open', 39),
(27, 'Fox, silver-backed', 'Dilation of R Brach Art with Intralum Dev, Open Approach', 622),
(28, 'Violet-crested turaco', 'Insert Intralum Dev in R Subclav Vein, Perc Endo', 902),
(29, 'Heron, green-backed', 'Removal of Neuro Lead from L Innom Vein, Extern Approach', 645),
(30, 'Clark\'s nutcracker', 'Extirpation of Matter from Lum Disc, Open Approach', 400),
(31, 'Mongoose, yellow', 'Dilate L Verteb Art, Bifurc, w Intralum Dev, Open', 180),
(32, 'Bird, pied butcher', 'Bypass R Cephalic Vein to Up Vein w Autol Art, Open', 748),
(33, 'Duiker, common', 'Destruction of Right Upper Eyelid, Open Approach', 126),
(34, 'Margay', 'Introduction of Other Antineoplastic into Eye, Via Opening', 478),
(35, 'Comb duck', 'Fluoroscopy of L Pulm Vein using H Osm Contrast, Guidance', 315),
(36, 'Tern, white-winged black', 'ROM & Jt Mobility Trmt Musculosk Head, Neck w Oth Equip', 452),
(37, 'Currasow (unidentified)', 'Bypass 1 Cor Art from R Int Mammary w Autol Art, Perc Endo', 206),
(38, 'Pine snake (unidentified)', 'Bypass 2 Cor Art from Aorta w Zooplastic, Perc Endo', 441),
(39, 'Darwin ground finch (unidentified)', 'Insert of Intralum Dev into R Ext Iliac Vein, Open Approach', 665),
(40, 'Wolf, timber', 'Drainage of Right Lower Arm, Percutaneous Approach', 13),
(41, 'Rat, white-faced tree', 'Compression of Right Foot using Pressure Dressing', 131),
(42, 'Vulture, bengal', 'Revision of Monitor Dev in Low Intest Tract, Extern Approach', 405),
(43, 'Squirrel, eastern fox', 'Skin and Breast, Replacement', 732),
(44, 'Squirrel, african bush', 'Excision of L Sup Parathyroid, Open Approach, Diagn', 989),
(45, 'Eastern quoll', 'Supplement Atrial Septum with Zooplastic, Open Approach', 791),
(46, 'American bison', 'Removal of Autol Sub from L Wrist Jt, Perc Endo Approach', 826),
(47, 'Ground monitor (unidentified)', 'Supplement R Knee Jt with Autol Sub, Perc Endo Approach', 300),
(48, 'Brocket, brown', 'Transfuse Nonaut Frozen Red Cells in Central Vein, Open', 198),
(49, 'Southern screamer', 'Insertion of Pacemaker Lead into Pericardium, Open Approach', 770),
(50, 'Galah', 'Drainage of R Thumb Phalanx with Drain Dev, Open Approach', 861),
(51, 'Eagle, long-crested hawk', 'Bypass R Ureter to Colocutan w Nonaut Sub, Perc Endo', 773),
(52, 'Squirrel, eastern fox', 'Extirpation of Matter from Trachea, Open Approach', 849),
(53, 'Hottentot teal', 'Plain Radiography of Right Finger(s)', 224),
(54, 'Long-necked turtle', 'Transfer Acoustic Nerve to Hypogloss Nrv, Perc Endo Approach', 409),
(55, 'Crane, wattled', 'Removal of Infusion Device from R Knee Jt, Perc Approach', 804),
(56, 'Black spider monkey', 'Destruction of Accessory Pancreatic Duct, Endo', 838),
(57, 'Goose, cereopsis', 'Restriction of Right Large Intestine, Endo', 561),
(58, 'Raccoon dog', 'Extraction of Right Trunk Bursa and Ligament, Perc Approach', 345),
(59, 'Scottish highland cow', 'Occlusion of Inferior Vena Cava, Perc Endo Approach', 748),
(60, 'House crow', 'Drainage of L Shoulder Muscle with Drain Dev, Open Approach', 253),
(61, 'Caracal', 'Reposition L Temporomandib Jt with Int Fix, Extern Approach', 269),
(62, 'Dove, laughing', 'Extirpation of Matter from L Acromioclav Jt, Open Approach', 156),
(63, 'Cormorant, little', 'HDR Brachytherapy of Kidney using Californium 252', 854),
(64, 'White spoonbill', 'Replace Scalp Skin w Nonaut Sub, Full Thick, Extern', 344),
(65, 'Red deer', 'CT Scan of R Forearm using Oth Contrast', 141),
(66, 'Colobus, white-mantled', 'Drainage of Lung Lingula, Via Natural or Artificial Opening', 138),
(67, 'Sloth, two-toed', 'Coord/Dexterity Treatment of Integu Body using Prosthesis', 199),
(68, 'Caiman, spectacled', 'Bypass L Popl Art to Foot Art with Autol Vn, Open Approach', 433),
(69, 'Anteater, giant', 'Fluoroscopy of Ileal Diversion Loop', 420),
(70, 'Ring-tailed gecko', 'Replacement of L Hand Art with Autol Sub, Perc Endo Approach', 175),
(71, 'Fairy penguin', 'Insertion of Oth Dev into R Shoulder, Perc Endo Approach', 815),
(72, 'Argalis', 'Revision of Synth Sub in Facial Bone, Open Approach', 90),
(73, 'Spurfowl, yellow-necked', 'Fusion of Right Elbow Joint with Autol Sub, Perc Approach', 500),
(74, 'Bent-toed gecko', 'Insertion of Infusion Dev into R Subclav Art, Perc Approach', 538),
(75, 'Deer, spotted', 'Occlusion of Pelvis Lymph with Intralum Dev, Perc Approach', 370),
(76, 'Corella, long-billed', 'Planar Nucl Med Imag of Skull using Oth Radionuclide', 262),
(77, 'Long-crested hawk eagle', 'Plaque Radiation of Salivary Glands', 971),
(78, 'Trumpeter, green-winged', 'Extirpation of Matter from Upper Esophagus, Via Opening', 397),
(79, 'Chacma baboon', 'Removal of Intraluminal Device from Left Eye, Via Opening', 132),
(80, 'Mexican wolf', 'Transfer Vagus Nerve to Vagus Nerve, Perc Endo Approach', 374),
(81, 'Snow goose', 'CT Scan of Port/Splanch Vein using L Osm Contrast', 388),
(82, 'Jaguarundi', 'Bypass R Foot Vein to Low Vein w Synth Sub, Perc Endo', 6),
(83, 'Eland, common', 'Excision of Right Hip Muscle, Open Approach', 559),
(84, 'Legaan, ground', 'Removal of Neuro Lead from Spinal Canal, Perc Approach', 204),
(85, 'Magnificent frigate bird', 'Excision of Left Kidney Pelvis, Via Opening, Diagn', 492),
(86, 'Nyala', 'Traction of Right Upper Leg using Traction Apparatus', 590),
(87, 'Pied cormorant', 'Repair Sacral Plexus, Percutaneous Endoscopic Approach', 268),
(88, 'Lion, steller sea', 'Resection of Left Ethmoid Sinus, Perc Endo Approach', 887),
(89, 'Bettong, brush-tailed', 'Supplement R Clavicle with Nonaut Sub, Perc Endo Approach', 695),
(90, 'Pelican, great white', 'Revision of Synthetic Substitute in Sternum, Open Approach', 931),
(91, 'Bear, grizzly', 'Removal of Infusion Device from L Elbow Jt, Open Approach', 437),
(92, 'Hartebeest, red', 'Removal of Brace on Right Lower Arm', 343),
(93, 'Pied kingfisher', 'Insertion of Intralum Dev into R Pulm Art, Open Approach', 317),
(94, 'Campo flicker', 'Repair Left Frontal Sinus, Percutaneous Approach', 654),
(95, 'Loris, slender', 'Reattachment of Ileum, Percutaneous Endoscopic Approach', 536),
(96, 'Spotted deer', 'Restrict L Subclav Art w Extralum Dev, Perc Endo', 331),
(97, 'Bird, magnificent frigate', 'Fusion Cerv Jt w Synth Sub, Post Appr A Col, Perc Endo', 921),
(98, 'Dassie', 'Excision of Left Carpal Joint, Percutaneous Approach', 446),
(99, 'Monster, gila', 'Supplement Head with Autol Sub, Open Approach', 39),
(100, 'Nubian bee-eater', 'Dilation of Right Hepatic Duct, Open Approach', 625),
(101, 'Anteater, giant', 'Destruction of Gastric Vein, Perc Endo Approach', 157),
(102, 'Suricate', 'Dilation of Left Renal Artery, Perc Endo Approach', 445),
(103, 'Ground legaan', 'Revise of Infusion Dev in L Metatarsotars Jt, Open Approach', 499),
(104, 'Flamingo, lesser', 'Revision of Autol Sub in R Eye, Open Approach', 552),
(105, 'Greater kudu', 'Bypass R Ureter to Colon with Autol Sub, Perc Endo Approach', 336),
(106, 'Gray heron', 'Destruction of Right Eye, External Approach', 185),
(107, 'Crane, wattled', 'Change Other Device in Penis, External Approach', 502),
(108, 'Four-spotted skimmer', 'CT Scan of L Knee using H Osm Contrast', 694),
(109, 'Reindeer', 'Replacement of Right Face Vein with Autol Sub, Open Approach', 202),
(110, 'Two-toed sloth', 'Dilate L Int Iliac Art, Bifurc, w 2 Drug-elut, Perc Endo', 397),
(111, 'Meerkat, red', 'Removal of Synth Sub from R Low Extrem, Perc Endo Approach', 958),
(112, 'Elephant, african', 'Bypass L Popl Art to Foot Art w Nonaut Sub, Perc Endo', 194),
(113, 'White stork', 'Supplement Duodenum with Nonaut Sub, Perc Endo Approach', 999),
(114, 'African polecat', 'Restriction of Right Lesser Saphenous Vein, Perc Approach', 785),
(115, 'Tarantula, salmon pink bird eater', 'Revision of Synth Sub in R Finger Phalanx, Extern Approach', 754),
(116, 'Argalis', 'Reposition Facial Nerve, Percutaneous Endoscopic Approach', 625),
(117, 'Screamer, crested', 'Revision of Autol Sub in C-thor Jt, Perc Endo Approach', 381),
(118, 'White-bellied sea eagle', 'Repair Mouth and Throat in POC with Oth Dev, Open Approach', 513),
(119, 'Owl, australian masked', 'Bypass L Atrium to R Pulm Vn w Autol Art, Perc Endo', 893),
(120, 'Spurfowl, yellow-necked', 'Fusion of T-lum Jt, Ant Appr A Col, Perc Endo Approach', 561),
(121, 'Magellanic penguin', 'Drainage of Left Shoulder Joint, Percutaneous Approach', 28),
(122, 'Swan, black', 'Excision of Right Upper Leg Tendon, Open Approach', 544),
(123, 'Ring-tailed gecko', 'Excision of Cervical Vertebra, Percutaneous Approach', 838),
(124, 'Burchell\'s gonolek', 'Release Hypothalamus, Percutaneous Endoscopic Approach', 590),
(125, 'Pelican, australian', 'Bypass R Kidney Pelvis to R Ureter w Synth Sub, Perc Endo', 329),
(126, 'Cat, african wild', 'Drainage of Right Brachial Vein, Perc Endo Approach', 7),
(127, 'Rat, arboral spiny', 'Supplement Left Middle Ear with Nonaut Sub, Open Approach', 472),
(128, 'Pintail, white-cheeked', 'MRI of R Low Leg using Oth Contrast, Unenh, Enhance', 249),
(129, 'Macaw, scarlet', 'Excision of Left Rib, Percutaneous Endoscopic Approach', 117),
(130, 'American Virginia opossum', 'Destruction of Right Internal Mammary Artery, Open Approach', 577),
(131, 'Sable antelope', 'Drainage of R Extraoc Muscle with Drain Dev, Open Approach', 245),
(132, 'Common pheasant', 'Insertion of Other Device into R Low Extrem, Open Approach', 220),
(133, 'Squirrel, thirteen-lined', 'Repair Right Acromioclavicular Joint, Percutaneous Approach', 863),
(134, 'Rhinoceros, square-lipped', 'Reattachment of Left Main Bronchus, Open Approach', 87),
(135, 'European badger', 'Removal of Other Device from Neck, Perc Endo Approach', 371),
(136, 'Camel, dromedary', 'Occlusion of R Fallopian Tube with Intralum Dev, Via Opening', 984),
(137, 'House crow', 'Lower Arteries, Destruction', 61),
(138, 'Roan antelope', 'Revision of Infusion Device in Cerv Disc, Open Approach', 872),
(139, 'South American puma', 'Excision of Ileum, Open Approach', 481),
(140, 'Squirrel, indian giant', 'Excision of Right Trunk Muscle, Open Approach, Diagnostic', 886),
(141, 'Deer, roe', 'Drainage of Upper Gingiva with Drain Dev, Extern Approach', 782),
(142, 'Black spider monkey', 'Transfer Left Trunk Muscle with Subcu, Open Approach', 79),
(143, 'Snowy owl', 'Revision of Autol Sub in Mouth/Throat, Open Approach', 940),
(144, 'Mongoose, eastern dwarf', 'Drainage of Cervicothoracic Vertebral Disc, Perc Approach', 191),
(145, 'Turtle, long-necked', 'Supplement Atrial Septum with Zooplastic, Perc Endo Approach', 894),
(146, 'Small-toothed palm civet', 'Dilation of R Mid Lobe Bronc with Intralum Dev, Via Opening', 63),
(147, 'Glider, feathertail', 'Bypass L Kidney Pelvis to Ileocutan w Nonaut Sub, Perc Endo', 28),
(148, 'Genoveva', 'Restriction of Carina with Extralum Dev, Perc Approach', 520),
(149, 'African buffalo', 'Imaging, GI Sys, CT Scan', 41),
(150, 'Common wolf', 'Bypass 1 Cor Art from Cor Art with Autol Vn, Open Approach', 331),
(151, 'Legaan, ground', 'Dilation of Left Peroneal Artery, Open Approach', 881),
(152, 'Tortoise, desert', 'Fusion of R Ankle Jt with Autol Sub, Perc Endo Approach', 284),
(153, 'Sarus crane', 'Fluoroscopy of Spinal Art using Oth Contrast, Laser Intraop', 860),
(154, 'Otter, african clawless', 'Revision of Synthetic Substitute in Up Vein, Extern Approach', 720),
(155, 'Siskin, pine', 'Occlusion of R Radial Art with Extralum Dev, Perc Approach', 579),
(156, 'Black spider monkey', 'Restrict of R Subclav Vein with Extralum Dev, Open Approach', 175),
(157, 'Bird, magnificent frigate', 'Dilation of Right Ureter with Intralum Dev, Via Opening', 319),
(158, 'Glider, feathertail', 'Occlusion of Left Ulnar Artery, Perc Endo Approach', 829),
(159, 'Spotted-tailed quoll', 'Bypass R Atrium to L Pulm Art w Autol Art, Perc Endo', 669),
(160, 'Cape wild cat', 'Removal of Monitoring Device from Urethra, External Approach', 444),
(161, 'African pied wagtail', 'Drainage of Bilateral Breast with Drain Dev, Perc Approach', 812),
(162, 'Burmese black mountain tortoise', 'Supplement R Knee Bursa/Lig with Nonaut Sub, Open Approach', 125),
(163, 'African elephant', 'Drain of L Humeral Shaft with Drain Dev, Perc Endo Approach', 881),
(164, 'Skua, great', 'Removal of Intraluminal Device from Bladder, Via Opening', 789),
(165, 'Bontebok', 'Insertion of Bone Stim into Up Bone, Open Approach', 16),
(166, 'Armadillo, seven-banded', 'Revision of Synthetic Substitute in L Hip Jt, Open Approach', 468),
(167, 'Great white pelican', 'Revision of Radioactive Element in Head, Perc Endo Approach', 983),
(168, 'Sugar glider', 'Reposition Right Knee Joint with Ext Fix, Extern Approach', 579),
(169, 'Spotted hyena', 'Beam Radiation of Left Breast using Photons <1 MeV', 895),
(170, 'Snake-necked turtle', 'Robotic Assisted Procedure of Trunk, Perc Endo Approach', 392),
(171, 'Ring-tailed lemur', 'Removal of Infusion Dev from L Elbow Jt, Perc Endo Approach', 867),
(172, 'Salmon pink bird eater tarantula', 'Replacement of L Atrium with Zooplastic, Perc Endo Approach', 82),
(173, 'Chimpanzee', 'Occlusion R Brach Art w Intralum Dev, Perc Endo', 829),
(174, 'Stork, european', 'Revision of Neuro Lead in Periph Nrv, Open Approach', 532),
(175, 'Boa, cook\'s tree', 'Revision of Drainage Device in Stomach, Endo', 835),
(176, 'Southern hairy-nosed wombat', 'Exercise Trmt Musculosk Low Back/LE w Electrotherap Equip', 321),
(177, 'Hottentot teal', 'Drainage of Lower Back, Open Approach', 725),
(178, 'Cat, civet', 'Drainage of Left Lesser Saphenous Vein, Open Approach, Diagn', 75),
(179, 'Hornbill, southern ground', 'CT Scan of Spinal Cord using L Osm Contrast', 605),
(180, 'Stanley crane', 'Removal of Drain Dev from Pelvic Cav, Perc Endo Approach', 868),
(181, 'Skua, long-tailed', 'Release Pons, Percutaneous Approach', 760),
(182, 'Little blue penguin', 'Excision of Left Foot Artery, Perc Endo Approach, Diagn', 806),
(183, 'Tarantula', 'Therapeutic Exercise Treatment of Resp Low Back/LE', 529),
(184, 'Eagle, bateleur', 'Monitoring of Venous Pulse, Portal, Percutaneous Approach', 775),
(185, 'Macaw, red and blue', 'Occlusion of Ileum, Percutaneous Approach', 615),
(186, 'Eastern boa constrictor', 'Division of Ulnar Nerve, Open Approach', 152),
(187, 'Ox, musk', 'Extirpation of Matter from Left Vas Deferens, Perc Approach', 657),
(188, 'White-cheeked pintail', 'Oscillating Tracking Assess w Vestib/Balance Equip', 157),
(189, 'Tortoise, asian foreset', 'Revision of Nonaut Sub in R Hip Jt, Extern Approach', 337),
(190, 'Rhea, greater', 'Revision of Infusion Device in Pelvic Cav, Extern Approach', 903),
(191, 'Otter, north american river', 'Detachment at Right Thumb, High, Open Approach', 126),
(192, 'Flamingo, greater', 'Drainage of L Inf Parathyroid, Perc Approach, Diagn', 363),
(193, 'Long-tailed spotted cat', 'LDR Brachytherapy of Adrenal Glands using Cesium 137', 953),
(194, 'Blue-footed booby', 'Bypass Innom Art to L Low Leg Art w Synth Sub, Open', 805),
(195, 'Hudsonian godwit', 'Extraction of Scalp Subcu/Fascia, Open Approach', 395),
(196, 'Red-headed woodpecker', 'Upper Veins, Supplement', 348),
(197, 'Bird, bare-faced go away', 'Insertion of Stimulator Lead into Ureter, Open Approach', 770),
(198, 'Flightless cormorant', 'Insertion of VAD into L Low Leg Subcu/Fascia, Open Approach', 122),
(199, 'Baboon, olive', 'Revision of Autol Sub in Low Art, Extern Approach', 956),
(200, 'Agile wallaby', 'Meds Mgmt for Substance Abuse Treatment, Naloxone', 697),
(201, 'Sarus crane', 'Replacement of Lower Gingiva with Nonaut Sub, Open Approach', 101),
(202, 'North American beaver', 'Excision of Left Carotid Body, Open Approach', 124),
(203, 'Black-throated cardinal', 'Excision of Left Vertebral Artery, Perc Approach, Diagn', 681),
(204, 'Armadillo, common long-nosed', 'Restrict L Innom Vein w Extralum Dev, Perc Endo', 703),
(205, 'Booby, blue-footed', 'Computerized Tomography (CT Scan) of L Tracheobronc Tree', 450),
(206, 'Cape wild cat', 'Extirpation of Matter from Right Lung, Perc Endo Approach', 73),
(207, 'Francolin, coqui', 'Insert Radioact Elem in Oral Cav & Throat, Perc Endo', 988),
(208, 'Northern elephant seal', 'Insertion of Intralum Dev into Hepatobil Duct, Via Opening', 769),
(209, 'Miner\'s cat', 'Removal of Radioact Elem from Chest Wall, Perc Approach', 669),
(210, 'Common wolf', 'Excision of Right Hip Muscle, Open Approach, Diagnostic', 686),
(211, 'Desert kangaroo rat', 'Extirpation of Matter from L Lg Intest, Perc Approach', 391),
(212, 'Arboral spiny rat', 'Bypass 4+ Cor Art from L Int Mammary w Nonaut Sub, Open', 679),
(213, 'Porcupine, indian', 'Extirpation of Matter from Left Atrium, Perc Approach', 278),
(214, 'Bird, pied butcher', 'Insert Intralum Dev in R Int Mamm Art, Perc Endo', 231),
(215, 'Deer, roe', 'Excision of Right Hand, Percutaneous Endoscopic Approach', 436),
(216, 'Red-shouldered glossy starling', 'Excision of Right Hand, Open Approach, Diagnostic', 720),
(217, 'Crane, wattled', 'Bypass R Axilla Art to R Up Arm Art w Autol Vn, Open', 302),
(218, 'African skink', 'Inspection of Right Axilla, Percutaneous Approach', 593),
(219, 'Grey mouse lemur', 'Excision of Right Epididymis, Percutaneous Approach, Diagn', 392),
(220, 'Eurasian badger', 'Repair Right Hip Bursa and Ligament, Open Approach', 395),
(221, 'Southern white-crowned shrike', 'HDR Brachytherapy of Diaphragm using Cesium 137', 380),
(222, 'North American beaver', 'Dressing of Left Foot using Bandage', 687),
(223, 'Mourning collared dove', 'Excision of Left Finger Phalangeal Joint, Perc Endo Approach', 381),
(224, 'American marten', 'Removal of Synthetic Substitute from Left Rib, Perc Approach', 673),
(225, 'Pied butcher bird', 'Drainage of Tongue with Drainage Device, Perc Approach', 182),
(226, 'Swan, trumpeter', 'Excision of Right Inferior Parathyroid Gland, Open Approach', 100),
(227, 'Arctic lemming', 'Release Right Ulnar Artery, Percutaneous Endoscopic Approach', 357),
(228, 'Western pygmy possum', 'Bypass L Great Saphenous to Low Vein, Perc Endo Approach', 973),
(229, 'Red-billed buffalo weaver', 'Intraoperative Radiation Therapy (IORT) of Bladder', 514),
(230, 'Baleen whale', 'Replacement of Right Clavicle with Synth Sub, Open Approach', 234),
(231, 'Brush-tailed rat kangaroo', 'Bypass R Femor Vein to Low Vein w Autol Sub, Open', 406),
(232, 'Common mynah', 'Excision of Left Pelvic Bone, Percutaneous Approach, Diagn', 622),
(233, 'Coyote', 'Drainage of Right Upper Arm, Perc Endo Approach, Diagn', 189),
(234, 'Thrasher, curve-billed', 'Restrict Mesenteric Lymph w Extralum Dev, Open', 872),
(235, 'Seal, harbor', 'Release Left Large Intestine, Open Approach', 572),
(236, 'Rainbow lory', 'CT Scan of Bi Com Carotid using Oth Contrast', 816),
(237, 'Flamingo, chilean', 'Extirpation of Matter from 2 Cor Art, Bifurc, Open Approach', 597),
(238, 'Red-breasted nuthatch', 'Excision of Left Tibia, Open Approach', 142),
(239, 'Whale, baleen', 'Occlusion of Duodenum with Intraluminal Device, Via Opening', 82),
(240, 'Ferret, black-footed', 'Excision of Skull, Percutaneous Endoscopic Approach, Diagn', 821),
(241, 'Armadillo, seven-banded', 'Supplement L Neck Muscle with Autol Sub, Perc Endo Approach', 259),
(242, 'Baboon, olive', 'Insertion of Infusion Device into L Fem Art, Perc Approach', 205),
(243, 'Magistrate black colobus', 'Reposition Lum Jt with Int Fix, Perc Approach', 81),
(244, 'Penguin, magellanic', 'Insert of Infusion Dev into Retroperitoneum, Perc Approach', 677),
(245, 'Siskin, yellow-rumped', 'Insert Endobronch Valve in Lingula Bronc, Perc Endo', 689),
(246, 'Groundhog', 'Bypass L Ext Iliac Art to B Ext Ilia w Autol Vn, Perc Endo', 836),
(247, 'Agile wallaby', 'Dilate R Ext Carotid, Bifurc, w 3 Drug-elut, Open', 3),
(248, 'Cockatoo, roseate', 'Release Right Occipital Bone, Percutaneous Approach', 318),
(249, 'Springbok', 'Inspection of Mouth and Throat, Perc Endo Approach', 583),
(250, 'White-cheeked pintail', 'Bypass R Subclav Art to L Up Arm Art w Nonaut Sub, Open', 755),
(251, 'Macaque, japanese', 'Introduce Platelet Inhibitor in Central Vein, Perc', 806),
(252, 'Reedbuck, bohor', 'Removal of Autol Sub from L Eye, Perc Approach', 168),
(253, 'Southern black-backed gull', 'Drainage of Right Pleural Cavity, Perc Approach, Diagn', 789),
(254, 'Ocelot', 'Drainage of R Low Arm Subcu/Fascia, Open Approach', 864),
(255, 'Kangaroo, jungle', 'Reposition Left Tarsal Joint, Open Approach', 774),
(256, 'Yellow-brown sungazer', 'Supplement Right Basilic Vein with Synth Sub, Open Approach', 858),
(257, 'White stork', 'Dilation of Right Vertebral Artery, Open Approach', 242),
(258, 'Whale, long-finned pilot', 'Drainage of Left Vas Deferens with Drain Dev, Perc Approach', 587),
(259, 'Saddle-billed stork', 'Occlusion of Cisterna Chyli with Intralum Dev, Open Approach', 730),
(260, 'Savannah deer (unidentified)', 'Extirpation of Matter from Left Ulna, Open Approach', 790),
(261, 'Sandgrouse, yellow-throated', 'Replace Perineum Subcu/Fascia w Autol Sub, Perc', 52),
(262, 'Bontebok', 'MRI of R Testicle using Oth Contrast', 629),
(263, 'Tiger', 'Bypass L Axilla Art to Low Arm Vein w Autol Art, Open', 621),
(264, 'Indian leopard', 'Excision of Bilateral Lungs, Perc Endo Approach', 340),
(265, 'Horned rattlesnake', 'Release Right Abdomen Tendon, Open Approach', 510),
(266, 'Leadbeateri\'s ground hornbill', 'Occlusion of Left Peroneal Artery, Percutaneous Approach', 871),
(267, 'Cat, toddy', 'Revision of Int Fix in Cervcal Vertebra, Perc Endo Approach', 397),
(268, 'Common dolphin', 'Beam Radiation of Pancreas using Neutrons', 70),
(269, 'Crane, blue', 'Drainage of Nose with Drainage Device, Perc Endo Approach', 276),
(270, 'Black-throated cardinal', 'Fusion 2-7 T Jt w Nonaut Sub, Post Appr P Col, Perc Endo', 914),
(271, 'Dove, little brown', 'Drainage of Bone Marrow with Drainage Device, Open Approach', 465),
(272, 'Eurasian beaver', 'Dilation of L Verteb Art with Drug-elut Intra, Perc Approach', 310),
(273, 'Lory, rainbow', 'Bypass Cystic Duct to R Hep Duc w Intralum Dev, Perc Endo', 216),
(274, 'Pine siskin', 'Dilation of Left Foot Artery, Percutaneous Approach', 670),
(275, 'Seal, southern elephant', 'Division of Right Parietal Bone, Open Approach', 718),
(276, 'Deer, white-tailed', 'Revision of Nonaut Sub in R Rib, Perc Endo Approach', 55),
(277, 'Paddy heron (unidentified)', 'Dilation of 1 Cor Art with Intralum Dev, Perc Endo Approach', 9),
(278, 'Burchell\'s gonolek', 'Drainage of Middle Esophagus, Via Opening', 515),
(279, 'Madagascar fruit bat', 'Occlusion L Foot Art w Intralum Dev, Perc Endo', 951),
(280, 'Woodpecker, downy', 'Replacement of Hepatic Artery with Synth Sub, Open Approach', 871),
(281, 'Rattlesnake, horned', 'Remove of Synth Sub from R Humeral Shaft, Perc Endo Approach', 180),
(282, 'Little brown bat', 'Restriction of Right Inguinal Lymphatic, Open Approach', 816),
(283, 'Wattled crane', 'Replacement of Right Atrium with Nonaut Sub, Open Approach', 431),
(284, 'Tsessebe', 'Release Left Temporal Artery, Open Approach', 782),
(285, 'Burrowing owl', 'Excision of Left External Auditory Canal, Via Opening', 973),
(286, 'Black-tailed tree creeper', 'Dilation of Left Pulmonary Artery, Open Approach', 438),
(287, 'Desert tortoise', 'Replace of Mitral Valve with Nonaut Sub, Perc Endo Approach', 534),
(288, 'Weaver, chestnut', 'Replace of Papillary Muscle with Autol Sub, Open Approach', 440),
(289, 'Weaver, red-billed buffalo', 'Reposition L Humeral Shaft with Ring Ext Fix, Open Approach', 550),
(290, 'Snowy egret', 'Extirpation of Matter from Right Ureter, Via Opening', 748),
(291, 'Timber wolf', 'HDR Brachytherapy of Tongue using Iodine 125', 618),
(292, 'Cormorant (unidentified)', 'Restrict Pelvis Lymph w Intralum Dev, Perc Endo', 402),
(293, 'White-tailed jackrabbit', 'Removal of Other Device from Head, Perc Endo Approach', 680),
(294, 'Groundhog', 'Insertion of Intramed Fix into L Fibula, Perc Endo Approach', 763),
(295, 'Common duiker', 'Replacement of Pulm Trunk with Zooplastic, Open Approach', 89),
(296, 'Dabchick', 'Restriction of Right Anterior Tibial Artery, Open Approach', 340),
(297, 'Sockeye salmon', 'Bypass R Face Vein to Up Vein with Autol Sub, Open Approach', 306),
(298, 'Capuchin, brown', 'Extirpate matter from L Finger Phalanx Jt, Perc Endo', 776),
(299, 'Uinta ground squirrel', 'Insertion of Stimulator Lead into Bladder, Via Opening', 656),
(300, 'Capuchin, black-capped', 'Bypass Cecum to Rectum with Synthetic Substitute, Endo', 375);

-- --------------------------------------------------------

--
-- Table structure for table `vinyl_genre`
--

CREATE TABLE `vinyl_genre` (
  `vinyl_genre_id` int(11) NOT NULL,
  `vinyl_id` int(11) NOT NULL,
  `genre_id` int(11) NOT NULL
) ENGINE=InnoDB DEFAULT CHARSET=utf8mb4;

--
-- Dumping data for table `vinyl_genre`
--

INSERT INTO `vinyl_genre` (`vinyl_genre_id`, `vinyl_id`, `genre_id`) VALUES
(1, 137, 3),
(2, 205, 1),
(3, 210, 3),
(4, 201, 1),
(5, 63, 2),
(6, 269, 4),
(7, 135, 3),
(8, 125, 3),
(9, 65, 3),
(10, 158, 3),
(11, 105, 1),
(12, 57, 5),
(13, 109, 4),
(14, 260, 2),
(15, 133, 1),
(16, 205, 4),
(17, 2, 2),
(18, 79, 1),
(19, 242, 2),
(20, 251, 2),
(21, 69, 5),
(22, 117, 1),
(23, 27, 3),
(24, 223, 3),
(25, 59, 4),
(26, 151, 2),
(27, 41, 5),
(28, 46, 3),
(29, 67, 5),
(30, 10, 2),
(31, 170, 3),
(32, 222, 4),
(33, 90, 2),
(34, 216, 2),
(35, 179, 3),
(36, 33, 1),
(37, 118, 3),
(38, 86, 1),
(39, 163, 1),
(40, 178, 4),
(41, 219, 3),
(42, 5, 2),
(43, 44, 5),
(44, 44, 5),
(45, 5, 2),
(46, 127, 3),
(47, 232, 2),
(48, 29, 4),
(49, 46, 2),
(50, 75, 5),
(51, 269, 1),
(52, 11, 2),
(53, 240, 3),
(54, 197, 1),
(55, 60, 2),
(56, 55, 4),
(57, 255, 3),
(58, 59, 5),
(59, 163, 3),
(60, 213, 2),
(61, 235, 4),
(62, 104, 5),
(63, 300, 2),
(64, 242, 2),
(65, 166, 4),
(66, 278, 1),
(67, 257, 2),
(68, 167, 4),
(69, 175, 2),
(70, 211, 4),
(71, 222, 4),
(72, 95, 5),
(73, 200, 5),
(74, 212, 5),
(75, 101, 5),
(76, 87, 4),
(77, 168, 1),
(78, 78, 5),
(79, 142, 4),
(80, 110, 1),
(81, 160, 3),
(82, 176, 3),
(83, 71, 4),
(84, 249, 3),
(85, 111, 2),
(86, 203, 4),
(87, 35, 5),
(88, 226, 4),
(89, 215, 5),
(90, 230, 4),
(91, 174, 1),
(92, 227, 4),
(93, 115, 1),
(94, 5, 3),
(95, 57, 3),
(96, 265, 4),
(97, 163, 4),
(98, 195, 2),
(99, 33, 5),
(100, 235, 4),
(101, 90, 5),
(102, 247, 3),
(103, 260, 5),
(104, 135, 2),
(105, 295, 3),
(106, 84, 5),
(107, 152, 4),
(108, 198, 1),
(109, 261, 2),
(110, 12, 3),
(111, 238, 1),
(112, 238, 4),
(113, 7, 2),
(114, 39, 4),
(115, 104, 1),
(116, 177, 3),
(117, 207, 4),
(118, 112, 2),
(119, 14, 4),
(120, 62, 2),
(121, 220, 4),
(122, 21, 1),
(123, 146, 5),
(124, 46, 1),
(125, 129, 5),
(126, 16, 5),
(127, 35, 5),
(128, 58, 3),
(129, 225, 3),
(130, 207, 4),
(131, 291, 2),
(132, 132, 3),
(133, 228, 2),
(134, 106, 3),
(135, 5, 1),
(136, 248, 3),
(137, 113, 4),
(138, 191, 1),
(139, 91, 5),
(140, 9, 3),
(141, 17, 4),
(142, 83, 5),
(143, 114, 3),
(144, 69, 5),
(145, 114, 5),
(146, 210, 2),
(147, 60, 1),
(148, 171, 2),
(149, 169, 2),
(150, 172, 4),
(151, 71, 1),
(152, 63, 5),
(153, 245, 2),
(154, 282, 2),
(155, 252, 3),
(156, 39, 3),
(157, 182, 2),
(158, 8, 1),
(159, 82, 4),
(160, 148, 2),
(161, 265, 4),
(162, 212, 1),
(163, 171, 4),
(164, 276, 1),
(165, 116, 2),
(166, 120, 4),
(167, 221, 2),
(169, 180, 2),
(170, 210, 2),
(171, 12, 5),
(172, 99, 5),
(173, 22, 1),
(174, 217, 1),
(175, 287, 1),
(176, 109, 5),
(177, 71, 2),
(178, 119, 3),
(179, 294, 4),
(180, 118, 5),
(181, 153, 2),
(182, 248, 2),
(183, 242, 3),
(184, 84, 5),
(185, 35, 4),
(186, 120, 3),
(187, 98, 3),
(188, 271, 3),
(189, 14, 3),
(190, 286, 2),
(191, 190, 3),
(192, 193, 5),
(193, 282, 4),
(194, 199, 3),
(195, 110, 3),
(196, 61, 2),
(197, 257, 5),
(198, 51, 2),
(199, 82, 2),
(200, 228, 5),
(201, 145, 3),
(202, 232, 3),
(203, 132, 2),
(204, 94, 4),
(205, 158, 1),
(206, 296, 4),
(207, 156, 5),
(208, 34, 4),
(209, 166, 4),
(210, 232, 3),
(211, 56, 3),
(212, 98, 2),
(213, 201, 5),
(214, 136, 1),
(215, 45, 1),
(216, 280, 3),
(217, 288, 2),
(218, 299, 5),
(219, 42, 5),
(220, 46, 3),
(221, 117, 1),
(222, 213, 2),
(223, 173, 2),
(224, 9, 4),
(225, 223, 4),
(226, 2, 1),
(227, 221, 1),
(228, 149, 5),
(229, 255, 3),
(230, 213, 3),
(231, 118, 2),
(232, 258, 1),
(233, 167, 2),
(234, 256, 1),
(235, 230, 4),
(236, 283, 2),
(237, 226, 2),
(238, 71, 4),
(239, 223, 1),
(240, 192, 3),
(241, 98, 1),
(242, 184, 5),
(243, 207, 4),
(244, 299, 2),
(245, 154, 4),
(246, 211, 5),
(247, 214, 5),
(248, 216, 1),
(249, 140, 1),
(250, 139, 3),
(251, 278, 5),
(252, 162, 5),
(253, 34, 5),
(254, 77, 3),
(255, 18, 3),
(256, 20, 5),
(257, 33, 4),
(258, 273, 2),
(259, 142, 1),
(260, 181, 5),
(261, 227, 5),
(262, 9, 4),
(263, 282, 2),
(264, 293, 1),
(265, 237, 1),
(266, 191, 2),
(267, 107, 2),
(268, 29, 5),
(269, 51, 5),
(270, 40, 4),
(271, 101, 3),
(272, 290, 3),
(273, 167, 5),
(274, 244, 3),
(275, 237, 2),
(276, 290, 1),
(277, 209, 5),
(278, 156, 3),
(279, 184, 4),
(280, 270, 3),
(281, 276, 3),
(282, 237, 2),
(283, 86, 5),
(284, 60, 1),
(285, 8, 1),
(286, 119, 3),
(287, 244, 4),
(288, 255, 3),
(289, 220, 4),
(290, 9, 4),
(291, 280, 5),
(292, 40, 2),
(293, 66, 1),
(294, 119, 5),
(295, 44, 5),
(296, 15, 2),
(297, 109, 5),
(298, 183, 5),
(299, 28, 1),
(300, 11, 2),
(301, 202, 2),
(302, 133, 4),
(303, 216, 5),
(304, 293, 2),
(305, 10, 2),
(306, 136, 2),
(307, 249, 4),
(308, 227, 3),
(309, 73, 1),
(310, 53, 1),
(311, 65, 3),
(312, 215, 2),
(313, 186, 5),
(314, 112, 4),
(315, 70, 2),
(316, 125, 1),
(317, 260, 2),
(318, 18, 5),
(319, 263, 2),
(320, 269, 2),
(321, 156, 2),
(322, 114, 4),
(323, 155, 3),
(324, 11, 2),
(325, 48, 4),
(326, 40, 3),
(327, 146, 2),
(328, 101, 1),
(329, 238, 4),
(330, 20, 5),
(331, 294, 5),
(332, 243, 5),
(333, 66, 4),
(334, 272, 1),
(335, 194, 3),
(336, 246, 2),
(337, 125, 1),
(338, 65, 5),
(339, 100, 1),
(340, 116, 2),
(341, 300, 4),
(342, 138, 3),
(343, 270, 1),
(344, 250, 5),
(345, 162, 3),
(346, 176, 1),
(347, 73, 4),
(348, 149, 3),
(349, 184, 2),
(350, 11, 1),
(351, 80, 1),
(352, 27, 3),
(353, 114, 1),
(354, 272, 4),
(355, 34, 3),
(356, 290, 5),
(357, 130, 2),
(358, 264, 2),
(359, 7, 5),
(360, 10, 4),
(361, 65, 4),
(362, 71, 2),
(363, 242, 1),
(364, 234, 3),
(365, 215, 1),
(366, 198, 5),
(367, 122, 3),
(368, 167, 2),
(369, 288, 3),
(370, 50, 4),
(371, 175, 5),
(372, 226, 1),
(373, 56, 1),
(374, 292, 4),
(375, 5, 5),
(376, 237, 2),
(377, 212, 4),
(378, 129, 2),
(380, 112, 5),
(381, 30, 2),
(382, 37, 1),
(383, 106, 1),
(384, 222, 5),
(385, 277, 5),
(386, 260, 5),
(387, 87, 3),
(388, 66, 5),
(389, 31, 5),
(390, 166, 3),
(391, 68, 4),
(392, 6, 5),
(393, 270, 4),
(394, 4, 4),
(395, 239, 5),
(396, 88, 3),
(397, 259, 4),
(398, 152, 5),
(399, 24, 5),
(400, 149, 1),
(401, 47, 4),
(402, 256, 3),
(403, 100, 5),
(404, 103, 1),
(405, 4, 3),
(406, 191, 2),
(407, 187, 5),
(408, 31, 3),
(409, 157, 3),
(410, 215, 3),
(411, 65, 3),
(412, 239, 5),
(413, 67, 5),
(414, 57, 4),
(415, 300, 5),
(416, 68, 1),
(417, 159, 4),
(418, 2, 2),
(419, 230, 3),
(420, 79, 2),
(421, 60, 4),
(422, 43, 5),
(423, 19, 1),
(424, 230, 3),
(425, 27, 3),
(426, 256, 3),
(427, 139, 3),
(428, 275, 2),
(429, 40, 5),
(430, 68, 3),
(431, 175, 4),
(432, 112, 4),
(433, 158, 3),
(434, 223, 5),
(435, 110, 3),
(436, 149, 4),
(437, 53, 2),
(438, 89, 3),
(439, 161, 5),
(440, 101, 2),
(441, 4, 1),
(442, 214, 5),
(443, 85, 1),
(444, 90, 2),
(445, 177, 2),
(446, 195, 2),
(447, 61, 2),
(448, 245, 1),
(449, 198, 4),
(450, 185, 4),
(451, 275, 4),
(452, 56, 5),
(453, 19, 3),
(454, 242, 3),
(455, 254, 2),
(456, 169, 4),
(457, 170, 3),
(458, 190, 1),
(459, 186, 1),
(460, 107, 5),
(461, 75, 5),
(462, 76, 3),
(463, 189, 5),
(464, 133, 2),
(465, 21, 3),
(466, 14, 5),
(467, 84, 1),
(468, 256, 3),
(469, 207, 5),
(470, 252, 5),
(471, 91, 1),
(472, 204, 1),
(473, 277, 3),
(474, 75, 2),
(475, 97, 1),
(476, 288, 2),
(477, 262, 2),
(478, 293, 2),
(479, 117, 2),
(480, 61, 1),
(481, 124, 1),
(482, 22, 4),
(483, 133, 3),
(484, 134, 5),
(485, 213, 4),
(486, 161, 2),
(487, 212, 3),
(488, 73, 4),
(489, 183, 3),
(490, 254, 5),
(491, 3, 1),
(492, 237, 2),
(493, 40, 2),
(494, 280, 5),
(495, 227, 5),
(496, 154, 2),
(497, 222, 1),
(498, 119, 4),
(499, 291, 1),
(500, 80, 3);

-- --------------------------------------------------------

--
-- Table structure for table `vinyl_song`
--

CREATE TABLE `vinyl_song` (
  `vinyl_song_id` int(11) NOT NULL,
  `vinyl_id` int(11) NOT NULL,
  `song_id` int(11) NOT NULL
) ENGINE=InnoDB DEFAULT CHARSET=utf8mb4;

--
-- Dumping data for table `vinyl_song`
--

INSERT INTO `vinyl_song` (`vinyl_song_id`, `vinyl_id`, `song_id`) VALUES
(1, 53, 1),
(2, 90, 3),
(3, 267, 5),
(4, 8, 1),
(5, 66, 5),
(6, 38, 5),
(7, 120, 1),
(8, 220, 5),
(9, 197, 4),
(10, 110, 1),
(11, 123, 5),
(12, 124, 1),
(13, 244, 1),
(14, 289, 3),
(15, 194, 4),
(16, 195, 2),
(17, 63, 4),
(18, 121, 4),
(19, 183, 4),
(20, 300, 1),
(21, 21, 3),
(22, 207, 3),
(23, 114, 2),
(24, 214, 3),
(25, 47, 3),
(26, 299, 4),
(27, 248, 5),
(28, 272, 3),
(29, 245, 4),
(30, 178, 4),
(31, 132, 4),
(32, 272, 3),
(33, 100, 1),
(34, 97, 1),
(35, 215, 3),
(36, 266, 1),
(37, 110, 1),
(38, 153, 1),
(39, 93, 5),
(40, 212, 5),
(41, 225, 3),
(42, 14, 4),
(43, 28, 1),
(44, 86, 1),
(45, 209, 4),
(46, 145, 3),
(47, 119, 3),
(48, 267, 5),
(49, 216, 4),
(50, 298, 3),
(51, 56, 4),
(52, 238, 4),
(53, 39, 1),
(54, 55, 1),
(55, 203, 2),
(56, 112, 2),
(57, 95, 2),
(58, 44, 3),
(59, 78, 4),
(60, 249, 5),
(61, 245, 1),
(62, 34, 4),
(63, 299, 2),
(64, 152, 5),
(65, 188, 4),
(66, 8, 1),
(67, 252, 3),
(68, 127, 2),
(69, 198, 4),
(70, 171, 2),
(71, 223, 3),
(72, 2, 5),
(73, 33, 3),
(74, 196, 5),
(75, 40, 3),
(76, 244, 1),
(77, 196, 3),
(78, 177, 4),
(79, 124, 4),
(80, 24, 5),
(81, 120, 3),
(82, 181, 4),
(83, 251, 5),
(84, 279, 5),
(85, 97, 5),
(86, 88, 4),
(87, 64, 1),
(88, 288, 2),
(89, 253, 3),
(90, 11, 5),
(91, 243, 3),
(92, 133, 4),
(93, 52, 2),
(94, 200, 3),
(95, 5, 4),
(96, 61, 1),
(97, 44, 5),
(98, 84, 3),
(99, 127, 4),
(100, 144, 2),
(101, 276, 3),
(102, 28, 1),
(103, 256, 2),
(104, 253, 3),
(105, 85, 1),
(106, 65, 5),
(107, 169, 2),
(108, 203, 4),
(109, 125, 1),
(110, 146, 2),
(111, 165, 4),
(112, 144, 2),
(113, 296, 4),
(114, 6, 1),
(115, 278, 3),
(116, 111, 5),
(117, 295, 3),
(118, 92, 4),
(119, 62, 5),
(120, 85, 3),
(121, 58, 1),
(122, 218, 4),
(123, 133, 3),
(124, 92, 3),
(125, 118, 1),
(126, 167, 1),
(127, 43, 3),
(128, 14, 5),
(129, 165, 4),
(130, 286, 3),
(131, 257, 1),
(132, 256, 2),
(133, 37, 2),
(134, 110, 3),
(135, 284, 1),
(136, 242, 5),
(137, 247, 1),
(138, 110, 5),
(139, 175, 3),
(140, 222, 4),
(141, 240, 4),
(142, 99, 5),
(143, 54, 5),
(144, 218, 4),
(145, 139, 1),
(146, 53, 1),
(147, 259, 2),
(148, 145, 1),
(149, 140, 5),
(150, 14, 3),
(151, 214, 3),
(152, 31, 2),
(153, 91, 2),
(154, 194, 2),
(155, 166, 4),
(156, 71, 3),
(157, 224, 4),
(158, 297, 3),
(159, 88, 4),
(160, 242, 5),
(161, 68, 1),
(162, 22, 3),
(163, 34, 1),
(164, 255, 1),
(165, 224, 4),
(166, 255, 3),
(167, 56, 3),
(168, 231, 5),
(169, 225, 3),
(170, 120, 1),
(171, 279, 3),
(172, 99, 2),
(173, 30, 1),
(174, 222, 4),
(175, 259, 1),
(176, 82, 1),
(177, 110, 4),
(178, 272, 3),
(179, 129, 1),
(180, 187, 3),
(181, 112, 2),
(182, 121, 4),
(183, 283, 5),
(184, 60, 5),
(185, 190, 3),
(186, 100, 4),
(187, 57, 3),
(188, 115, 4),
(189, 165, 1),
(190, 138, 2),
(191, 99, 5),
(192, 46, 2),
(193, 23, 5),
(194, 3, 5),
(195, 196, 3),
(196, 197, 5),
(197, 41, 4),
(198, 134, 4),
(199, 113, 1),
(200, 16, 3),
(201, 74, 4),
(202, 38, 1),
(203, 294, 1),
(204, 170, 2),
(205, 130, 4),
(206, 11, 3),
(207, 282, 2),
(208, 266, 3),
(209, 155, 2),
(210, 9, 2),
(211, 9, 5),
(212, 273, 5),
(213, 242, 3),
(214, 72, 1),
(215, 104, 1),
(216, 197, 5),
(217, 230, 3),
(218, 276, 2),
(219, 85, 4),
(220, 196, 2),
(221, 274, 2),
(222, 141, 1),
(223, 82, 2),
(224, 144, 2),
(225, 201, 2),
(226, 149, 5),
(227, 104, 2),
(228, 193, 5),
(229, 115, 4),
(230, 252, 2),
(231, 109, 4),
(232, 21, 4),
(233, 116, 5),
(234, 62, 1),
(235, 198, 3),
(236, 297, 3),
(237, 284, 2),
(238, 140, 2),
(239, 241, 2),
(240, 113, 1),
(241, 154, 1),
(242, 161, 4),
(243, 285, 1),
(244, 16, 2),
(245, 139, 5),
(246, 188, 3),
(247, 113, 3),
(248, 6, 1),
(249, 42, 3),
(250, 283, 2),
(251, 130, 2),
(252, 7, 2),
(253, 36, 2),
(254, 87, 2),
(255, 155, 3),
(256, 85, 5),
(257, 212, 5),
(258, 121, 1),
(259, 66, 3),
(260, 64, 1),
(261, 4, 3),
(262, 18, 1),
(263, 263, 1),
(264, 237, 2),
(265, 271, 5),
(266, 224, 2),
(267, 247, 2),
(268, 135, 5),
(269, 48, 3),
(270, 16, 5),
(271, 294, 1),
(272, 6, 4),
(273, 194, 2),
(274, 123, 2),
(275, 83, 3),
(276, 217, 4),
(277, 166, 4),
(278, 65, 2),
(279, 209, 1),
(280, 231, 5),
(281, 279, 1),
(282, 216, 3),
(283, 288, 5),
(284, 294, 2),
(285, 266, 3),
(286, 226, 1),
(287, 186, 4),
(288, 40, 5),
(289, 95, 5),
(290, 256, 1),
(291, 158, 1),
(292, 41, 3),
(293, 116, 2),
(294, 235, 4),
(295, 136, 4),
(296, 239, 3),
(297, 226, 5),
(298, 127, 2),
(299, 239, 1),
(300, 123, 3),
(301, 99, 5),
(302, 181, 1),
(303, 213, 1),
(304, 274, 5),
(305, 35, 1),
(306, 20, 2),
(307, 39, 3),
(308, 241, 3),
(309, 11, 4),
(310, 114, 3),
(311, 81, 2),
(312, 58, 1),
(313, 117, 1),
(314, 213, 4),
(315, 90, 5),
(316, 103, 4),
(317, 77, 4),
(318, 68, 3),
(319, 235, 3),
(320, 114, 5),
(321, 264, 4),
(322, 140, 2),
(323, 138, 2),
(324, 69, 2),
(325, 66, 3),
(326, 1, 3),
(327, 86, 1),
(328, 185, 2),
(329, 48, 4),
(330, 287, 5),
(331, 44, 4),
(332, 201, 4),
(333, 20, 2),
(334, 81, 5),
(335, 139, 3),
(336, 249, 2),
(337, 102, 4),
(338, 33, 5),
(339, 125, 5),
(340, 62, 4),
(341, 39, 4),
(342, 177, 5),
(343, 45, 4),
(344, 67, 5),
(345, 272, 3),
(346, 106, 5),
(347, 83, 3),
(348, 60, 3),
(349, 11, 2),
(350, 270, 3),
(351, 244, 4),
(352, 247, 5),
(353, 127, 1),
(354, 79, 1),
(355, 83, 5),
(356, 5, 5),
(357, 250, 5),
(358, 123, 2),
(359, 8, 3),
(360, 42, 4),
(361, 32, 2),
(362, 242, 2),
(363, 8, 1),
(364, 14, 1),
(365, 43, 4),
(366, 164, 3),
(367, 264, 4),
(368, 24, 3),
(369, 136, 4),
(370, 35, 4),
(371, 37, 4),
(372, 289, 2),
(373, 219, 4),
(374, 181, 3),
(375, 29, 2),
(376, 251, 4),
(377, 86, 2),
(378, 206, 2),
(379, 205, 2),
(380, 117, 3),
(381, 9, 2),
(382, 259, 5),
(383, 210, 4),
(384, 32, 2),
(385, 16, 5),
(386, 236, 3),
(387, 203, 5),
(388, 132, 3),
(389, 257, 5),
(390, 286, 5),
(391, 184, 2),
(392, 167, 1),
(393, 117, 2),
(394, 293, 5),
(395, 258, 2),
(396, 181, 4),
(397, 183, 4),
(398, 10, 3),
(399, 266, 2),
(400, 239, 1),
(401, 273, 2),
(402, 101, 5),
(403, 152, 1),
(404, 221, 3),
(405, 34, 1),
(406, 45, 3),
(407, 228, 2),
(408, 280, 4),
(409, 43, 1),
(410, 50, 4),
(411, 65, 1),
(412, 184, 5),
(413, 115, 1),
(414, 212, 1),
(415, 222, 4),
(416, 211, 4),
(417, 291, 3),
(418, 248, 2),
(419, 167, 2),
(420, 150, 5),
(421, 216, 2),
(422, 218, 5),
(423, 257, 5),
(424, 5, 5),
(425, 66, 2),
(426, 15, 1),
(427, 276, 4),
(428, 33, 5),
(429, 222, 5),
(430, 76, 1),
(431, 157, 2),
(432, 43, 2),
(433, 43, 5),
(434, 299, 2),
(435, 50, 2),
(436, 147, 1),
(437, 7, 2),
(438, 265, 4),
(439, 26, 5),
(440, 172, 2),
(441, 99, 4),
(442, 43, 5),
(443, 155, 1),
(444, 143, 3),
(445, 133, 4),
(446, 76, 5),
(447, 130, 4),
(448, 240, 4),
(449, 168, 5),
(450, 242, 1),
(451, 113, 4),
(452, 67, 5),
(453, 189, 5),
(454, 78, 4),
(455, 261, 2),
(456, 111, 3),
(457, 31, 2),
(458, 95, 2),
(459, 1, 3),
(460, 219, 1),
(461, 13, 4),
(462, 24, 5),
(463, 214, 5),
(464, 9, 2),
(465, 66, 5),
(466, 219, 2),
(467, 296, 2),
(468, 101, 1),
(469, 140, 4),
(470, 42, 1),
(471, 234, 1),
(472, 158, 2),
(473, 51, 5),
(474, 40, 3),
(475, 141, 3),
(476, 2, 5),
(477, 85, 3),
(478, 63, 4),
(479, 192, 5),
(480, 186, 5),
(481, 76, 2),
(482, 246, 3),
(483, 263, 2),
(484, 116, 4),
(485, 80, 2),
(486, 290, 5),
(487, 47, 5),
(488, 228, 4),
(489, 287, 1),
(490, 84, 3),
(491, 247, 2),
(492, 269, 5),
(493, 203, 2),
(494, 139, 5),
(495, 157, 4),
(496, 270, 2),
(497, 108, 5),
(498, 68, 1),
(499, 143, 5),
(500, 154, 4),
(501, 205, 4),
(502, 233, 2),
(503, 229, 1),
(504, 235, 5),
(505, 264, 4),
(506, 22, 1),
(507, 133, 4),
(508, 116, 2),
(509, 96, 4),
(510, 16, 1),
(511, 22, 5),
(512, 255, 5),
(513, 241, 2),
(514, 174, 3),
(515, 158, 2),
(516, 120, 2),
(517, 249, 1),
(518, 284, 3),
(519, 249, 3),
(520, 28, 5),
(521, 132, 4),
(522, 299, 5),
(523, 147, 5),
(524, 127, 1),
(525, 185, 1),
(526, 144, 5),
(527, 47, 5),
(528, 69, 5),
(529, 149, 4),
(530, 28, 3),
(531, 253, 2),
(532, 189, 4),
(533, 16, 4),
(534, 178, 5),
(535, 131, 4),
(536, 235, 3),
(537, 61, 4),
(538, 41, 4),
(539, 240, 1),
(540, 281, 3),
(541, 180, 3),
(542, 258, 5),
(543, 249, 2),
(544, 171, 1),
(545, 296, 1),
(546, 296, 3),
(547, 282, 2),
(548, 99, 4),
(549, 176, 2),
(550, 293, 5),
(551, 204, 2),
(552, 201, 2),
(553, 239, 5),
(554, 201, 1),
(555, 54, 4),
(556, 122, 3),
(557, 211, 2),
(558, 290, 4),
(559, 152, 3),
(560, 92, 5),
(561, 129, 3),
(562, 13, 2),
(563, 89, 2),
(564, 129, 4),
(565, 55, 5),
(566, 245, 3),
(567, 201, 3),
(568, 262, 1),
(569, 250, 1),
(570, 232, 5),
(571, 1, 5),
(572, 28, 5),
(573, 156, 3),
(574, 33, 5),
(575, 243, 1),
(576, 241, 1),
(577, 122, 5),
(578, 4, 5),
(579, 246, 5),
(580, 76, 4),
(581, 223, 5),
(582, 117, 2),
(583, 216, 2),
(584, 210, 1),
(585, 27, 1),
(586, 292, 4),
(587, 196, 2),
(588, 267, 1),
(589, 129, 1),
(590, 232, 2),
(591, 226, 3),
(592, 204, 3),
(593, 54, 1),
(594, 116, 1),
(595, 178, 4),
(596, 138, 2),
(597, 213, 4),
(598, 117, 3),
(599, 248, 5),
(600, 46, 3),
(601, 272, 5),
(602, 58, 2),
(603, 104, 3),
(604, 159, 1),
(605, 227, 5),
(606, 140, 2),
(607, 272, 1),
(608, 129, 4),
(609, 106, 2),
(610, 43, 5),
(611, 79, 4),
(612, 228, 5),
(613, 120, 3),
(614, 36, 2),
(615, 30, 4),
(616, 222, 1),
(617, 212, 1),
(618, 219, 2),
(619, 79, 3),
(620, 82, 2),
(621, 117, 4),
(622, 103, 1),
(623, 84, 4),
(624, 18, 5),
(625, 268, 3),
(626, 77, 3),
(627, 21, 1),
(628, 138, 3),
(629, 83, 1),
(630, 149, 4),
(631, 165, 3),
(632, 176, 4),
(633, 230, 5),
(634, 277, 3),
(635, 90, 1),
(636, 271, 3),
(637, 41, 2),
(638, 153, 4),
(639, 37, 1),
(640, 282, 2),
(641, 239, 4),
(642, 266, 5),
(643, 136, 4),
(644, 168, 2),
(645, 104, 2),
(646, 255, 4),
(647, 285, 1),
(648, 103, 5),
(649, 174, 4),
(650, 280, 1),
(651, 10, 1),
(652, 167, 5),
(653, 229, 4),
(654, 124, 4),
(655, 14, 2),
(656, 116, 5),
(657, 194, 3),
(658, 126, 3),
(659, 247, 5),
(660, 115, 2),
(661, 58, 5),
(662, 297, 3),
(663, 206, 4),
(664, 262, 1),
(665, 11, 2),
(666, 199, 1),
(667, 57, 4),
(668, 26, 5),
(669, 288, 4),
(670, 287, 3),
(671, 170, 2),
(672, 83, 1),
(673, 30, 3),
(674, 178, 5),
(675, 129, 5),
(676, 196, 1),
(677, 175, 4),
(678, 94, 3),
(679, 224, 3),
(680, 198, 2),
(681, 271, 3),
(682, 102, 1),
(683, 107, 4),
(684, 23, 5),
(685, 219, 3),
(686, 123, 5),
(687, 170, 1),
(688, 226, 5),
(689, 90, 5),
(690, 114, 3),
(691, 186, 3),
(692, 153, 4),
(693, 180, 3),
(694, 228, 1),
(695, 204, 2),
(696, 225, 4),
(697, 23, 5),
(698, 278, 3),
(699, 58, 4),
(700, 25, 2),
(701, 119, 4),
(702, 15, 1),
(703, 167, 5),
(704, 178, 5),
(705, 35, 2),
(706, 102, 2),
(707, 159, 1),
(708, 271, 2),
(709, 98, 3),
(710, 198, 2),
(711, 61, 2),
(712, 205, 4),
(713, 14, 5),
(714, 126, 5),
(715, 181, 5),
(716, 182, 2),
(717, 34, 4),
(718, 155, 5),
(719, 273, 3),
(720, 293, 1),
(721, 202, 3),
(722, 300, 5),
(723, 179, 4),
(724, 255, 5),
(725, 225, 5),
(726, 198, 5),
(727, 139, 4),
(728, 245, 2),
(729, 61, 1),
(730, 94, 4),
(731, 108, 1),
(732, 87, 1),
(733, 129, 5),
(734, 115, 1),
(735, 293, 4),
(736, 186, 2),
(737, 143, 4),
(738, 71, 2),
(739, 273, 4),
(740, 192, 1),
(741, 267, 1),
(742, 160, 4),
(743, 18, 2),
(744, 256, 3),
(745, 67, 2),
(746, 46, 2),
(747, 214, 1),
(748, 194, 2),
(749, 127, 1),
(750, 58, 2),
(751, 11, 2),
(752, 54, 3),
(753, 199, 1),
(754, 73, 2),
(755, 90, 1),
(756, 17, 5),
(757, 167, 3),
(758, 170, 5),
(759, 266, 1),
(760, 152, 5),
(761, 289, 5),
(762, 116, 5),
(763, 242, 2),
(764, 84, 4),
(765, 220, 4),
(766, 249, 5),
(767, 68, 5),
(768, 216, 2),
(769, 61, 5),
(770, 169, 3),
(771, 26, 1),
(772, 148, 4),
(773, 6, 5),
(774, 52, 5),
(775, 185, 5),
(776, 79, 5),
(777, 118, 1),
(778, 30, 5),
(779, 110, 4),
(780, 112, 1),
(781, 234, 4),
(782, 94, 4),
(783, 134, 4),
(784, 35, 4),
(785, 3, 1),
(786, 159, 3),
(787, 177, 1),
(788, 14, 4),
(789, 106, 4),
(790, 113, 3),
(791, 9, 2),
(792, 109, 2),
(793, 42, 5),
(794, 251, 1),
(795, 184, 5),
(796, 28, 1),
(797, 226, 4),
(798, 212, 4),
(799, 111, 2),
(800, 159, 2),
(801, 14, 5),
(802, 288, 4),
(803, 138, 4),
(804, 260, 1),
(805, 298, 1),
(806, 7, 2),
(807, 300, 2),
(808, 162, 2),
(809, 283, 4),
(810, 115, 2),
(811, 48, 3),
(812, 109, 4),
(813, 122, 5),
(814, 86, 1),
(815, 119, 3),
(816, 102, 1),
(817, 112, 1),
(818, 41, 2),
(819, 247, 1),
(820, 166, 1),
(821, 280, 2),
(822, 22, 1),
(823, 98, 1),
(824, 97, 4),
(825, 278, 3),
(826, 198, 4),
(827, 209, 2),
(828, 231, 5),
(829, 110, 1),
(830, 75, 2),
(831, 225, 5),
(832, 94, 5),
(833, 34, 4),
(834, 23, 4),
(835, 255, 1),
(836, 44, 5),
(837, 214, 3),
(838, 258, 3),
(839, 43, 4),
(840, 43, 3),
(841, 17, 2),
(842, 272, 2),
(843, 88, 4),
(844, 273, 4),
(845, 165, 2),
(846, 243, 5),
(847, 15, 4),
(848, 204, 1),
(849, 184, 2),
(850, 147, 2),
(851, 277, 3),
(852, 70, 2),
(853, 210, 3),
(854, 125, 4),
(855, 274, 1),
(856, 28, 3),
(857, 278, 5),
(858, 252, 1),
(859, 119, 1),
(860, 94, 5),
(861, 1, 5),
(862, 30, 4),
(863, 19, 4),
(864, 220, 3),
(865, 128, 2),
(866, 193, 4),
(867, 300, 1),
(868, 7, 1),
(869, 199, 1),
(870, 113, 5),
(871, 186, 5),
(872, 92, 3),
(873, 41, 4),
(874, 209, 2),
(875, 94, 5),
(876, 176, 3),
(877, 266, 4),
(878, 142, 1),
(879, 54, 4),
(880, 96, 2),
(881, 60, 4),
(882, 138, 2),
(883, 233, 5),
(884, 244, 4),
(885, 198, 1),
(886, 291, 5),
(887, 78, 1),
(888, 183, 4),
(889, 48, 3),
(890, 224, 2),
(891, 156, 1),
(892, 37, 4),
(893, 55, 5),
(894, 282, 3),
(895, 116, 4),
(896, 250, 5),
(897, 279, 1),
(898, 135, 5),
(899, 182, 1),
(900, 250, 2),
(901, 46, 3),
(902, 237, 1),
(903, 142, 3),
(904, 112, 2),
(905, 26, 1),
(906, 109, 1),
(907, 238, 3),
(908, 122, 1),
(909, 176, 2),
(910, 249, 5),
(911, 205, 4),
(912, 147, 4),
(913, 269, 1),
(914, 42, 3),
(915, 264, 3),
(916, 226, 5),
(917, 58, 4),
(918, 229, 5),
(919, 165, 4),
(920, 299, 4),
(921, 239, 2),
(922, 120, 5),
(923, 88, 3),
(924, 222, 1),
(925, 272, 4),
(926, 1, 3),
(927, 8, 1),
(928, 196, 3),
(929, 278, 5),
(930, 160, 2),
(931, 150, 4),
(932, 48, 1),
(933, 213, 1),
(934, 21, 5),
(935, 271, 1),
(936, 258, 3),
(937, 27, 2),
(938, 124, 5),
(939, 261, 4),
(940, 281, 5),
(941, 11, 2),
(942, 97, 5),
(943, 101, 1),
(944, 24, 2),
(945, 17, 1),
(946, 43, 1),
(947, 169, 4),
(948, 43, 3),
(949, 196, 2),
(950, 96, 2),
(951, 144, 2),
(952, 86, 1),
(953, 71, 1),
(954, 214, 3),
(955, 43, 3),
(956, 156, 4),
(957, 184, 1),
(958, 114, 2),
(959, 246, 5),
(960, 40, 5),
(961, 40, 5),
(962, 84, 3),
(963, 256, 5),
(964, 215, 3),
(965, 36, 1),
(966, 180, 2),
(967, 55, 5),
(968, 148, 2),
(969, 257, 2),
(970, 76, 5),
(971, 284, 1),
(972, 83, 5),
(973, 267, 4),
(974, 214, 2),
(975, 186, 5),
(976, 219, 1),
(977, 226, 3),
(978, 264, 1),
(979, 250, 2),
(980, 285, 2),
(981, 181, 2),
(982, 200, 4),
(983, 42, 1),
(984, 100, 1),
(985, 75, 4),
(986, 166, 1),
(987, 293, 1),
(988, 94, 2),
(989, 105, 4),
(990, 164, 4),
(991, 234, 5),
(992, 250, 5),
(993, 21, 3),
(994, 47, 4),
(995, 137, 2),
(996, 210, 4),
(997, 39, 1),
(998, 248, 3),
(999, 34, 2),
(1000, 57, 5);

--
-- Indexes for dumped tables
--

--
-- Indexes for table `collection`
--
ALTER TABLE `collection`
  ADD PRIMARY KEY (`collection_id`),
  ADD KEY `FK_user_user_id` (`user_id`);

--
-- Indexes for table `collection_like`
--
ALTER TABLE `collection_like`
  ADD PRIMARY KEY (`like_id`),
  ADD KEY `FK_collection_collection_id` (`collection_id`),
  ADD KEY `FK_user_user_id_like` (`user_id`);

--
-- Indexes for table `collection_vinyl`
--
ALTER TABLE `collection_vinyl`
  ADD PRIMARY KEY (`collection_vinyl_id`),
  ADD KEY `FK_collection_vinyl_collection_id` (`collection_id`),
  ADD KEY `FK_vinyl_vinyl_id` (`vinyl_id`);

--
-- Indexes for table `genre`
--
ALTER TABLE `genre`
  ADD PRIMARY KEY (`genre_id`);

--
-- Indexes for table `image`
--
ALTER TABLE `image`
  ADD PRIMARY KEY (`image_id`);

--
-- Indexes for table `review`
--
ALTER TABLE `review`
  ADD PRIMARY KEY (`review_id`),
  ADD KEY `FK_collection_review_collecton_id` (`collection_id`),
  ADD KEY `FK_user_review_user_id` (`user_id`);

--
-- Indexes for table `song`
--
ALTER TABLE `song`
  ADD PRIMARY KEY (`song_id`);

--
-- Indexes for table `user`
--
ALTER TABLE `user`
  ADD PRIMARY KEY (`user_id`);

--
-- Indexes for table `vinyl`
--
ALTER TABLE `vinyl`
  ADD PRIMARY KEY (`vinyl_id`),
  ADD KEY `FK_image_image_id` (`image_id`);

--
-- Indexes for table `vinyl_genre`
--
ALTER TABLE `vinyl_genre`
  ADD PRIMARY KEY (`vinyl_genre_id`),
  ADD KEY `FK_genre_genre_id` (`genre_id`),
  ADD KEY `FK_vinyl_genre_vinyl_id` (`vinyl_id`);

--
-- Indexes for table `vinyl_song`
--
ALTER TABLE `vinyl_song`
  ADD PRIMARY KEY (`vinyl_song_id`),
  ADD KEY `FK_song_song_id` (`song_id`),
  ADD KEY `FK_vinyl_song_vinyl_id` (`vinyl_id`);

--
-- AUTO_INCREMENT for dumped tables
--

--
-- AUTO_INCREMENT for table `collection`
--
ALTER TABLE `collection`
  MODIFY `collection_id` int(11) NOT NULL AUTO_INCREMENT, AUTO_INCREMENT=101;

--
-- AUTO_INCREMENT for table `collection_like`
--
ALTER TABLE `collection_like`
  MODIFY `like_id` int(11) NOT NULL AUTO_INCREMENT, AUTO_INCREMENT=601;

--
-- AUTO_INCREMENT for table `collection_vinyl`
--
ALTER TABLE `collection_vinyl`
  MODIFY `collection_vinyl_id` int(11) NOT NULL AUTO_INCREMENT, AUTO_INCREMENT=501;

--
-- AUTO_INCREMENT for table `genre`
--
ALTER TABLE `genre`
  MODIFY `genre_id` int(11) NOT NULL AUTO_INCREMENT, AUTO_INCREMENT=6;

--
-- AUTO_INCREMENT for table `image`
--
ALTER TABLE `image`
  MODIFY `image_id` int(11) NOT NULL AUTO_INCREMENT, AUTO_INCREMENT=1001;

--
-- AUTO_INCREMENT for table `review`
--
ALTER TABLE `review`
  MODIFY `review_id` int(11) NOT NULL AUTO_INCREMENT, AUTO_INCREMENT=201;

--
-- AUTO_INCREMENT for table `song`
--
ALTER TABLE `song`
  MODIFY `song_id` int(11) NOT NULL AUTO_INCREMENT, AUTO_INCREMENT=301;

--
-- AUTO_INCREMENT for table `user`
--
ALTER TABLE `user`
  MODIFY `user_id` int(11) NOT NULL AUTO_INCREMENT, AUTO_INCREMENT=21;

--
-- AUTO_INCREMENT for table `vinyl`
--
ALTER TABLE `vinyl`
  MODIFY `vinyl_id` int(11) NOT NULL AUTO_INCREMENT, AUTO_INCREMENT=301;

--
-- AUTO_INCREMENT for table `vinyl_genre`
--
ALTER TABLE `vinyl_genre`
  MODIFY `vinyl_genre_id` int(11) NOT NULL AUTO_INCREMENT, AUTO_INCREMENT=501;

--
-- AUTO_INCREMENT for table `vinyl_song`
--
ALTER TABLE `vinyl_song`
  MODIFY `vinyl_song_id` int(11) NOT NULL AUTO_INCREMENT, AUTO_INCREMENT=1001;

--
-- Constraints for dumped tables
--

--
-- Constraints for table `collection`
--
ALTER TABLE `collection`
  ADD CONSTRAINT `FK_user_user_id` FOREIGN KEY (`user_id`) REFERENCES `user` (`user_id`) ON DELETE CASCADE ON UPDATE CASCADE;

--
-- Constraints for table `collection_like`
--
ALTER TABLE `collection_like`
  ADD CONSTRAINT `FK_collection_collection_id` FOREIGN KEY (`collection_id`) REFERENCES `collection` (`collection_id`) ON DELETE CASCADE ON UPDATE CASCADE,
  ADD CONSTRAINT `FK_user_user_id_like` FOREIGN KEY (`user_id`) REFERENCES `user` (`user_id`) ON DELETE CASCADE ON UPDATE CASCADE;

--
-- Constraints for table `collection_vinyl`
--
ALTER TABLE `collection_vinyl`
  ADD CONSTRAINT `FK_collection_vinyl_collection_id` FOREIGN KEY (`collection_id`) REFERENCES `collection` (`collection_id`) ON DELETE CASCADE ON UPDATE CASCADE,
  ADD CONSTRAINT `FK_vinyl_vinyl_id` FOREIGN KEY (`vinyl_id`) REFERENCES `vinyl` (`vinyl_id`) ON DELETE CASCADE ON UPDATE CASCADE;

--
-- Constraints for table `review`
--
ALTER TABLE `review`
  ADD CONSTRAINT `FK_collection_review_collecton_id` FOREIGN KEY (`collection_id`) REFERENCES `collection` (`collection_id`) ON DELETE CASCADE ON UPDATE CASCADE,
  ADD CONSTRAINT `FK_user_review_user_id` FOREIGN KEY (`user_id`) REFERENCES `user` (`user_id`) ON DELETE CASCADE ON UPDATE CASCADE;

--
-- Constraints for table `vinyl`
--
ALTER TABLE `vinyl`
  ADD CONSTRAINT `FK_image_image_id` FOREIGN KEY (`image_id`) REFERENCES `image` (`image_id`);

--
-- Constraints for table `vinyl_genre`
--
ALTER TABLE `vinyl_genre`
  ADD CONSTRAINT `FK_genre_genre_id` FOREIGN KEY (`genre_id`) REFERENCES `genre` (`genre_id`),
  ADD CONSTRAINT `FK_vinyl_genre_vinyl_id` FOREIGN KEY (`vinyl_id`) REFERENCES `vinyl` (`vinyl_id`) ON DELETE CASCADE ON UPDATE CASCADE;

--
-- Constraints for table `vinyl_song`
--
ALTER TABLE `vinyl_song`
  ADD CONSTRAINT `FK_song_song_id` FOREIGN KEY (`song_id`) REFERENCES `song` (`song_id`),
  ADD CONSTRAINT `FK_vinyl_song_vinyl_id` FOREIGN KEY (`vinyl_id`) REFERENCES `vinyl` (`vinyl_id`);
COMMIT;

/*!40101 SET CHARACTER_SET_CLIENT=@OLD_CHARACTER_SET_CLIENT */;
/*!40101 SET CHARACTER_SET_RESULTS=@OLD_CHARACTER_SET_RESULTS */;
/*!40101 SET COLLATION_CONNECTION=@OLD_COLLATION_CONNECTION */;
